,SPY,QQQ,IWM,EFA,EEM,EWJ,TLT,IEF,SHY,LQD,HYG,USO,UNG,XLE,GLD,SLV,CPER,DBA,WEAT,CORN,UUP,FXE,FXY,VNQ,RWX,XLF,XLK,XLV,XLU,GDX
SPY,1.0,0.9311852690363293,0.8699870181753495,0.8462853810206561,0.7529571068759094,0.7198222631894374,-0.21681099358597697,-0.18278427647625434,-0.07654189124335535,0.245993690390111,0.7598641167874719,0.28203302494763055,0.06404400897832821,0.6228749228447753,0.07866134204828533,0.2235434881920304,0.25941935533144567,0.20683476027778927,0.021444939514307718,0.05950910954481979,-0.1079140150845892,0.12123584161012384,-0.21224042785872985,0.7148054354759783,0.6780390564011497,0.8503426722182078,0.9212662982651846,0.791353981324132,0.5450564010396985,0.20381382008005158
QQQ,0.9311852690363293,1.0,0.7778000418848412,0.7523622260473141,0.7165794691347007,0.6576870924459968,-0.16043846565984599,-0.13541717230736433,-0.052642537609663136,0.2343991730054247,0.6746782385110256,0.2050489797509731,0.04289561295460939,0.44579051108092593,0.0844979503606121,0.216966257951874,0.22946738751953874,0.17515881080658902,0.004666515694272813,0.04187379067008092,-0.09337502497041432,0.10450272710684483,-0.1793485149186611,0.5758869634711656,0.5830027544396292,0.6724455790562447,0.9707739995648291,0.6863479788874548,0.3999484288760055,0.1884434059755588
IWM,0.8699870181753495,0.7778000418848412,1.0,0.7863438912748284,0.6952811432366542,0.6677766519512361,-0.18985841954679644,-0.15745632427557954,-0.055604273546317286,0.23548164239697883,0.7147665851979577,0.2652553272171015,0.04555734633285184,0.6366315725978859,0.0904420183185642,0.23216845822861773,0.2581913313046662,0.19893704612564267,0.03442786002121041,0.06327088149371284,-0.12785539875993843,0.13343933043321207,-0.17637046435872533,0.7070688415748653,0.6623714659240055,0.8192521420407515,0.7602783103575458,0.6738028443811215,0.4504305549361314,0.21635200558779863
EFA,0.8462853810206561,0.7523622260473141,0.7863438912748284,1.0,0.8340148843786065,0.8398686685679154,-0.1913650052669093,-0.13698504439680984,-0.011781089408875454,0.258621602164611,0.723724766658816,0.2745245331856602,0.04656031373621211,0.5975223811957917,0.18665680827585138,0.3192195335055553,0.3246937868888694,0.24617708134159474,0.025135235338917043,0.06863880042286576,-0.34872502718696996,0.3544564894394817,-0.08583239896881956,0.651381353529036,0.8245658245151685,0.7700760460520761,0.7394680477361524,0.6815511309114162,0.4759488402667964,0.29802201441443316
EEM,0.7529571068759094,0.7165794691347007,0.6952811432366542,0.8340148843786065,1.0,0.6913787282437395,-0.1568008719743513,-0.11480487677063907,-0.009911618007376955,0.2273535142845138,0.6449017837234573,0.27802923096563614,0.03881763308345992,0.5327564685447533,0.22119344287586243,0.3463778480160796,0.32549985768309114,0.2426663511803337,0.028961018861474917,0.08265352778390818,-0.26618990050731023,0.2657892376220223,-0.07916360868910105,0.5465924955780541,0.7218225142335817,0.6331467696156445,0.7054100443473892,0.5622628790404111,0.3766707444639144,0.3263036182386753
EWJ,0.7198222631894374,0.6576870924459968,0.6677766519512361,0.8398686685679154,0.6913787282437395,1.0,-0.1370738847888301,-0.09594989715634795,-0.0023848892134297464,0.20671173290875294,0.5735249308191962,0.18508444031676358,0.034864086346140126,0.47733606673135376,0.1368410806998226,0.24176354726350532,0.25118988974610346,0.17523475757246335,0.002936646433800168,0.039238695297127466,-0.18708597179330388,0.17753733658408385,-0.0979838345337343,0.5285279487456312,0.6845975920860611,0.6325305750322745,0.6454549938389874,0.5659881339496646,0.38698965814996616,0.2174215431376303
TLT,-0.21681099358597697,-0.16043846565984599,-0.18985841954679644,-0.1913650052669093,-0.1568008719743513,-0.1370738847888301,1.0,0.9162895487146343,0.5749347978423244,0.6948212981823725,-0.008134681403363046,-0.20294727501636858,-0.030590635038096708,-0.2653696360611117,0.22240982659524644,0.0888150301173468,-0.09784939359737654,-0.10873356247098694,-0.03323956074871764,-0.052787932302674215,-0.16827918169417272,0.09338639289369007,0.40785078996360263,0.01050309055681324,-0.0401102137814868,-0.32111298615362294,-0.16641984954685748,-0.16904663237112508,0.0360533899111641,0.1780493714048912
IEF,-0.18278427647625434,-0.13541717230736433,-0.15745632427557954,-0.13698504439680984,-0.11480487677063907,-0.09594989715634795,0.9162895487146343,1.0,0.7763437647119718,0.7210599404780861,0.0659571426616508,-0.18769105359563243,-0.029929915661305057,-0.24176973214913539,0.3001295695314736,0.14838901166525004,-0.07580145448847415,-0.08978178685758482,-0.022484975532928907,-0.04373821917650018,-0.2696817234865852,0.18184897415641985,0.5050969066048155,0.06554999911496052,0.02845422099708363,-0.29408248214197363,-0.14254610148255514,-0.1298658673663326,0.09308281701956848,0.24106129561255016
SHY,-0.07654189124335535,-0.052642537609663136,-0.055604273546317286,-0.011781089408875454,-0.009911618007376955,-0.0023848892134297464,0.5749347978423244,0.7763437647119718,1.0,0.5428289044460373,0.13838949904960327,-0.13387617613942676,-0.011563090901778345,-0.14728932586172958,0.3157963308626219,0.1938297867464596,-0.013594751615498857,-0.055695230232748694,-0.009608050071881999,-0.03346034193569925,-0.320837510210169,0.2557928837819777,0.47224376507862104,0.11614188716038877,0.1183957694657417,-0.17508110114485784,-0.06105851340540522,-0.02975909210043474,0.12634563106045962,0.25762958045922846
LQD,0.245993690390111,0.2343991730054247,0.23548164239697883,0.258621602164611,0.2273535142845138,0.20671173290875294,0.6948212981823725,0.7210599404780861,0.5428289044460373,1.0,0.49001479087063554,-0.02218540939999915,0.005056446330590431,0.07434509891657945,0.2769791040968816,0.21290671150447135,0.04493371835049608,0.03241113231136266,9.37983128350056e-05,0.010224422093668632,-0.26403549374874447,0.21883635975567634,0.3143305516397775,0.3796763607488507,0.37284108225831775,0.130520533802188,0.2328883476385452,0.18667675454764185,0.3124360917429418,0.2637333745381205
HYG,0.7598641167874719,0.6746782385110256,0.7147665851979577,0.723724766658816,0.6449017837234573,0.5735249308191962,-0.008134681403363046,0.0659571426616508,0.13838949904960327,0.49001479087063554,1.0,0.27212404189317496,0.046871935367567535,0.5329932317171224,0.14463657947645678,0.23329164687729842,0.2140715843181189,0.16929501221526022,0.015870257027545475,0.05888964533709192,-0.21815481882589188,0.2065971775506432,-0.02958542321207627,0.6747894490114391,0.6622454917412555,0.6702246638503422,0.6626519777753854,0.601364224115244,0.5129418348975296,0.2396259604871048
USO,0.28203302494763055,0.2050489797509731,0.2652553272171015,0.2745245331856602,0.27802923096563614,0.18508444031676358,-0.20294727501636858,-0.18769105359563243,-0.13387617613942676,-0.02218540939999915,0.27212404189317496,1.0,0.12652957617578278,0.6226054741020522,0.09571754101725242,0.1607448033808088,0.17668611552624344,0.2593210493890462,0.14105705014593434,0.16004694640592343,-0.04639677689567059,0.04008583717161775,-0.12390411869825457,0.1700921559734262,0.21489455730193482,0.27312777027512775,0.21147093355707702,0.15927304990470778,0.09985248321456026,0.1421322292367115
UNG,0.06404400897832821,0.04289561295460939,0.04555734633285184,0.04656031373621211,0.03881763308345992,0.034864086346140126,-0.030590635038096708,-0.029929915661305057,-0.011563090901778345,0.005056446330590431,0.046871935367567535,0.12652957617578278,1.0,0.14194831443177572,0.01602585223205391,0.01327687936876251,0.044774938679574224,0.0964194127948911,0.08688377279014158,0.0992952773156278,-0.02294510272485641,0.026013997085286376,-0.035674833993117994,0.05442667249974117,0.04876666873779144,0.056306493983333865,0.04033033716763124,0.052331356021499166,0.052751551425640884,0.015340203976600688
XLE,0.6228749228447753,0.44579051108092593,0.6366315725978859,0.5975223811957917,0.5327564685447533,0.47733606673135376,-0.2653696360611117,-0.24176973214913539,-0.14728932586172958,0.07434509891657945,0.5329932317171224,0.6226054741020522,0.14194831443177572,1.0,0.0827913928102155,0.19818383618599486,0.2408096400350757,0.2584956555296854,0.10882793140435165,0.14148504806350315,-0.07994318328621233,0.07447999472993323,-0.17837661284604478,0.4754289009770863,0.49541616532760446,0.6667700381861962,0.45400050286177085,0.46505758142313824,0.3566782418531615,0.20008430285203238
GLD,0.07866134204828533,0.0844979503606121,0.0904420183185642,0.18665680827585138,0.22119344287586243,0.1368410806998226,0.22240982659524644,0.3001295695314736,0.3157963308626219,0.2769791040968816,0.14463657947645678,0.09571754101725242,0.01602585223205391,0.0827913928102155,1.0,0.7930454394745797,0.20124717092121894,0.14321228808107192,0.08543044858389064,0.0805103623553237,-0.4323678219766772,0.3793352653305231,0.3670841901592137,0.13171097243488758,0.23196196903871355,-0.028061000323594737,0.08502305380982507,0.04752598452693301,0.16958639530965555,0.7682864776626673
SLV,0.2235434881920304,0.216966257951874,0.23216845822861773,0.3192195335055553,0.3463778480160796,0.24176354726350532,0.0888150301173468,0.14838901166525004,0.1938297867464596,0.21290671150447135,0.23329164687729842,0.1607448033808088,0.01327687936876251,0.19818383618599486,0.7930454394745797,1.0,0.29612321570734274,0.2028030002542017,0.09505380976557375,0.1016592473953875,-0.37226456511787365,0.3366227594742347,0.21664592820175696,0.21020203307171292,0.3241482595314239,0.12349123259347164,0.22053298389339968,0.1417977274645963,0.1774845900317089,0.6871938611448848
CPER,0.25941935533144567,0.22946738751953874,0.2581913313046662,0.3246937868888694,0.32549985768309114,0.25118988974610346,-0.09784939359737654,-0.07580145448847415,-0.013594751615498857,0.04493371835049608,0.2140715843181189,0.17668611552624344,0.044774938679574224,0.2408096400350757,0.20124717092121894,0.29612321570734274,1.0,0.1862608561713436,0.08744085614629644,0.0984548871848471,-0.19377173863390482,0.18512870184773944,-0.008078892962822146,0.17416811870633042,0.25818859445760906,0.22829012822832137,0.23022974151205325,0.17466598481594225,0.09689285129178882,0.2148568527665316
DBA,0.20683476027778927,0.17515881080658902,0.19893704612564267,0.24617708134159474,0.2426663511803337,0.17523475757246335,-0.10873356247098694,-0.08978178685758482,-0.055695230232748694,0.03241113231136266,0.16929501221526022,0.2593210493890462,0.0964194127948911,0.2584956555296854,0.14321228808107192,0.2028030002542017,0.1862608561713436,1.0,0.5539509714798904,0.5941934298030553,-0.15102920403649286,0.14433343714531985,-0.0007882631763769807,0.15923944918095181,0.22183351793943218,0.18724966355205733,0.17680147749873876,0.12295761971908596,0.08824139430711268,0.14701504463606938
WEAT,0.021444939514307718,0.004666515694272813,0.03442786002121041,0.025135235338917043,0.028961018861474917,0.002936646433800168,-0.03323956074871764,-0.022484975532928907,-0.009608050071881999,9.37983128350056e-05,0.015870257027545475,0.14105705014593434,0.08688377279014158,0.10882793140435165,0.08543044858389064,0.09505380976557375,0.08744085614629644,0.5539509714798904,1.0,0.6365145122345123,-0.0650380126468085,0.05723784426857951,0.037890126269770216,0.03414568564107744,0.04159469054875978,0.023278059549054948,0.001276315675238786,0.008801345034471213,0.0207892405860264,0.07850866610591832
CORN,0.05950910954481979,0.04187379067008092,0.06327088149371284,0.06863880042286576,0.08265352778390818,0.039238695297127466,-0.052787932302674215,-0.04373821917650018,-0.03346034193569925,0.010224422093668632,0.05888964533709192,0.16004694640592343,0.0992952773156278,0.14148504806350315,0.0805103623553237,0.1016592473953875,0.0984548871848471,0.5941934298030553,0.6365145122345123,1.0,-0.05911945488468662,0.05191212776994693,0.02577101477847591,0.03849581651324176,0.0791091306030025,0.05813946501137914,0.041483982168045885,0.03480155125596153,0.016308805768566338,0.07622784939566801
UUP,-0.1079140150845892,-0.09337502497041432,-0.12785539875993843,-0.34872502718696996,-0.26618990050731023,-0.18708597179330388,-0.16827918169417272,-0.2696817234865852,-0.320837510210169,-0.26403549374874447,-0.21815481882589188,-0.04639677689567059,-0.02294510272485641,-0.07994318328621233,-0.4323678219766772,-0.37226456511787365,-0.19377173863390482,-0.15102920403649286,-0.0650380126468085,-0.05911945488468662,1.0,-0.9445867709155111,-0.5524840595680068,-0.14683972652913727,-0.4004432520687808,-0.053863160239270326,-0.08144543764169025,-0.06852549401147395,-0.12009062020908984,-0.4260546003609785
FXE,0.12123584161012384,0.10450272710684483,0.13343933043321207,0.3544564894394817,0.2657892376220223,0.17753733658408385,0.09338639289369007,0.18184897415641985,0.2557928837819777,0.21883635975567634,0.2065971775506432,0.04008583717161775,0.026013997085286376,0.07447999472993323,0.3793352653305231,0.3366227594742347,0.18512870184773944,0.14433343714531985,0.05723784426857951,0.05191212776994693,-0.9445867709155111,1.0,0.40019812060062965,0.14825419043014412,0.36511926212461016,0.08373833250115767,0.0988624944582854,0.08033200573260577,0.11215792485702943,0.35220515731495644
FXY,-0.21224042785872985,-0.1793485149186611,-0.17637046435872533,-0.08583239896881956,-0.07916360868910105,-0.0979838345337343,0.40785078996360263,0.5050969066048155,0.47224376507862104,0.3143305516397775,-0.02958542321207627,-0.12390411869825457,-0.035674833993117994,-0.17837661284604478,0.3670841901592137,0.21664592820175696,-0.008078892962822146,-0.0007882631763769807,0.037890126269770216,0.02577101477847591,-0.5524840595680068,0.40019812060062965,1.0,-0.02593472030209209,0.051688287547590916,-0.27210766985401924,-0.18248395987827173,-0.15922892476058095,0.025571131276121654,0.28487608650997187
VNQ,0.7148054354759783,0.5758869634711656,0.7070688415748653,0.651381353529036,0.5465924955780541,0.5285279487456312,0.01050309055681324,0.06554999911496052,0.11614188716038877,0.3796763607488507,0.6747894490114391,0.1700921559734262,0.05442667249974117,0.4754289009770863,0.13171097243488758,0.21020203307171292,0.17416811870633042,0.15923944918095181,0.03414568564107744,0.03849581651324176,-0.14683972652913727,0.14825419043014412,-0.02593472030209209,1.0,0.6810331053328813,0.6631770772198652,0.5651234788277308,0.6253575769441733,0.7041889356426753,0.21575473369415918
RWX,0.6780390564011497,0.5830027544396292,0.6623714659240055,0.8245658245151685,0.7218225142335817,0.6845975920860611,-0.0401102137814868,0.02845422099708363,0.1183957694657417,0.37284108225831775,0.6622454917412555,0.21489455730193482,0.04876666873779144,0.49541616532760446,0.23196196903871355,0.3241482595314239,0.25818859445760906,0.22183351793943218,0.04159469054875978,0.0791091306030025,-0.4004432520687808,0.36511926212461016,0.051688287547590916,0.6810331053328813,1.0,0.6187162012244162,0.5593973537423369,0.5533538425303784,0.4754090333550468,0.3144921214493886
XLF,0.8503426722182078,0.6724455790562447,0.8192521420407515,0.7700760460520761,0.6331467696156445,0.6325305750322745,-0.32111298615362294,-0.29408248214197363,-0.17508110114485784,0.130520533802188,0.6702246638503422,0.27312777027512775,0.056306493983333865,0.6667700381861962,-0.028061000323594737,0.12349123259347164,0.22829012822832137,0.18724966355205733,0.023278059549054948,0.05813946501137914,-0.053863160239270326,0.08373833250115767,-0.27210766985401924,0.6631770772198652,0.6187162012244162,1.0,0.6687638697238891,0.6816273055940866,0.47038525031505324,0.09392377367611321
XLK,0.9212662982651846,0.9707739995648291,0.7602783103575458,0.7394680477361524,0.7054100443473892,0.6454549938389874,-0.16641984954685748,-0.14254610148255514,-0.06105851340540522,0.2328883476385452,0.6626519777753854,0.21147093355707702,0.04033033716763124,0.45400050286177085,0.08502305380982507,0.22053298389339968,0.23022974151205325,0.17680147749873876,0.001276315675238786,0.041483982168045885,-0.08144543764169025,0.0988624944582854,-0.18248395987827173,0.5651234788277308,0.5593973537423369,0.6687638697238891,1.0,0.6435360748970063,0.40058983474855175,0.18396328887303176
XLV,0.791353981324132,0.6863479788874548,0.6738028443811215,0.6815511309114162,0.5622628790404111,0.5659881339496646,-0.16904663237112508,-0.1298658673663326,-0.02975909210043474,0.18667675454764185,0.601364224115244,0.15927304990470778,0.052331356021499166,0.46505758142313824,0.04752598452693301,0.1417977274645963,0.17466598481594225,0.12295761971908596,0.008801345034471213,0.03480155125596153,-0.06852549401147395,0.08033200573260577,-0.15922892476058095,0.6253575769441733,0.5533538425303784,0.6816273055940866,0.6435360748970063,1.0,0.5305368610488784,0.13849734996646124
XLU,0.5450564010396985,0.3999484288760055,0.4504305549361314,0.4759488402667964,0.3766707444639144,0.38698965814996616,0.0360533899111641,0.09308281701956848,0.12634563106045962,0.3124360917429418,0.5129418348975296,0.09985248321456026,0.052751551425640884,0.3566782418531615,0.16958639530965555,0.1774845900317089,0.09689285129178882,0.08824139430711268,0.0207892405860264,0.016308805768566338,-0.12009062020908984,0.11215792485702943,0.025571131276121654,0.7041889356426753,0.4754090333550468,0.47038525031505324,0.40058983474855175,0.5305368610488784,1.0,0.23378485409615582
GDX,0.20381382008005158,0.1884434059755588,0.21635200558779863,0.29802201441443316,0.3263036182386753,0.2174215431376303,0.1780493714048912,0.24106129561255016,0.25762958045922846,0.2637333745381205,0.2396259604871048,0.1421322292367115,0.015340203976600688,0.20008430285203238,0.7682864776626673,0.6871938611448848,0.2148568527665316,0.14701504463606938,0.07850866610591832,0.07622784939566801,-0.4260546003609785,0.35220515731495644,0.28487608650997187,0.21575473369415918,0.3144921214493886,0.09392377367611321,0.18396328887303176,0.13849734996646124,0.23378485409615582,1.0
