month_end,net,rf_decision_date,rf_observation_date,rf_annual_pct,rf_t,excess
2008-05-31,0.005461,2008-04-30,2008-04-30,1.43,0.0011916666666666666,0.004269333333333333
2008-06-30,0.015749,2008-05-31,2008-05-30,1.89,0.001575,0.014173999999999999
2008-07-31,-0.068306,2008-06-30,2008-06-30,1.9,0.0015833333333333333,-0.06988933333333334
2008-08-31,0.012325,2008-07-31,2008-07-31,1.68,0.0014,0.010924999999999999
2008-09-30,0.065245,2008-08-31,2008-08-29,1.72,0.0014333333333333333,0.06381166666666667
2008-10-31,0.042809,2008-09-30,2008-09-30,0.92,0.0007666666666666667,0.042042333333333334
2008-11-30,0.012247,2008-10-31,2008-10-31,0.46,0.00038333333333333334,0.011863666666666666
2008-12-31,-4.5e-05,2008-11-30,2008-11-28,0.01,8.333333333333334e-06,-5.333333333333333e-05
2009-01-31,0.003345,2008-12-31,2008-12-31,0.11,9.166666666666667e-05,0.0032533333333333333
2009-02-28,0.014212,2009-01-31,2009-01-30,0.24,0.00019999999999999998,0.014012
2009-03-31,-0.024856,2009-02-28,2009-02-27,0.26,0.00021666666666666666,-0.025072666666666667
2009-04-30,-0.013135,2009-03-31,2009-03-31,0.21,0.000175,-0.01331
2009-05-31,-0.002832,2009-04-30,2009-04-30,0.14,0.00011666666666666668,-0.0029486666666666667
2009-06-30,-0.004683,2009-05-31,2009-05-29,0.14,0.00011666666666666668,-0.0047996666666666665
2009-07-31,0.027494,2009-06-30,2009-06-30,0.19,0.00015833333333333332,0.027335666666666668
2009-08-31,0.036383,2009-07-31,2009-07-31,0.18,0.00015,0.036233
2009-09-30,0.042332,2009-08-31,2009-08-31,0.15,0.000125,0.042207
2009-10-31,-0.004339,2009-09-30,2009-09-30,0.14,0.00011666666666666668,-0.004455666666666667
2009-11-30,0.053307,2009-10-31,2009-10-30,0.05,4.1666666666666665e-05,0.05326533333333333
2009-12-31,-0.022587,2009-11-30,2009-11-30,0.06,4.9999999999999996e-05,-0.022637
2010-01-31,-0.042096,2009-12-31,2009-12-31,0.06,4.9999999999999996e-05,-0.042146
2010-02-28,0.009108,2010-01-31,2010-01-29,0.08,6.666666666666667e-05,0.009041333333333334
2010-03-31,0.033861,2010-02-28,2010-02-26,0.13,0.00010833333333333333,0.03375266666666667
2010-04-30,0.026177,2010-03-31,2010-03-31,0.16,0.00013333333333333334,0.026043666666666666
2010-05-31,-0.081293,2010-04-30,2010-04-30,0.16,0.00013333333333333334,-0.08142633333333334
2010-06-30,0.00653,2010-05-31,2010-05-28,0.16,0.00013333333333333334,0.006396666666666667
2010-07-31,-0.011529,2010-06-30,2010-06-30,0.18,0.00015,-0.011679
2010-08-31,0.01336,2010-07-31,2010-07-30,0.15,0.000125,0.013235
2010-09-30,0.008078,2010-08-31,2010-08-31,0.14,0.00011666666666666668,0.007961333333333334
2010-10-31,0.066474,2010-09-30,2010-09-30,0.16,0.00013333333333333334,0.06634066666666667
2010-11-30,-0.037411,2010-10-31,2010-10-29,0.12,9.999999999999999e-05,-0.037511
2010-12-31,0.035933,2010-11-30,2010-11-30,0.17,0.00014166666666666668,0.035791333333333335
2011-01-31,0.012915,2010-12-31,2010-12-31,0.12,9.999999999999999e-05,0.012815
2011-02-28,0.028525,2011-01-31,2011-01-31,0.15,0.000125,0.028399999999999998
2011-03-31,-0.013025,2011-02-28,2011-02-28,0.15,0.000125,-0.01315
2011-04-30,0.028956,2011-03-31,2011-03-31,0.09,7.5e-05,0.028881
2011-05-31,-0.007156,2011-04-30,2011-04-29,0.04,3.3333333333333335e-05,-0.007189333333333333
2011-06-30,-0.010362,2011-05-31,2011-05-31,0.06,4.9999999999999996e-05,-0.010412
2011-07-31,0.021399,2011-06-30,2011-06-30,0.03,2.4999999999999998e-05,0.021374
2011-08-31,0.020063,2011-07-31,2011-07-29,0.1,8.333333333333333e-05,0.019979666666666666
2011-09-30,0.017521,2011-08-31,2011-08-31,0.02,1.6666666666666667e-05,0.01750433333333333
2011-10-31,-0.035897,2011-09-30,2011-09-30,0.02,1.6666666666666667e-05,-0.03591366666666666
2011-11-30,0.001713,2011-10-31,2011-10-31,0.01,8.333333333333334e-06,0.0017046666666666666
2011-12-31,0.02226,2011-11-30,2011-11-30,0.01,8.333333333333334e-06,0.022251666666666666
2012-01-31,0.014653,2011-12-31,2011-12-30,0.02,1.6666666666666667e-05,0.014636333333333333
2012-02-29,-0.025621,2012-01-31,2012-01-31,0.06,4.9999999999999996e-05,-0.025671000000000003
2012-03-31,0.007843,2012-02-29,2012-02-29,0.08,6.666666666666667e-05,0.007776333333333333
2012-04-30,-0.001283,2012-03-31,2012-03-30,0.07,5.833333333333334e-05,-0.0013413333333333335
2012-05-31,-0.016952,2012-04-30,2012-04-30,0.1,8.333333333333333e-05,-0.017035333333333333
2012-06-30,-0.041105,2012-05-31,2012-05-31,0.07,5.833333333333334e-05,-0.041163333333333336
2012-07-31,0.018932,2012-06-30,2012-06-29,0.09,7.5e-05,0.018857000000000002
2012-08-31,-0.015408,2012-07-31,2012-07-31,0.11,9.166666666666667e-05,-0.015499666666666667
2012-09-30,0.003464,2012-08-31,2012-08-31,0.09,7.5e-05,0.003389
2012-10-31,0.000886,2012-09-30,2012-09-28,0.1,8.333333333333333e-05,0.0008026666666666666
2012-11-30,0.003165,2012-10-31,2012-10-31,0.11,9.166666666666667e-05,0.0030733333333333333
2012-12-31,0.061069,2012-11-30,2012-11-30,0.08,6.666666666666667e-05,0.06100233333333333
2013-01-31,0.035012,2012-12-31,2012-12-31,0.05,4.1666666666666665e-05,0.03497033333333333
2013-02-28,0.014938,2013-01-31,2013-01-31,0.07,5.833333333333334e-05,0.014879666666666666
2013-03-31,0.040263,2013-02-28,2013-02-28,0.11,9.166666666666667e-05,0.04017133333333334
2013-04-30,0.044489,2013-03-31,2013-03-28,0.07,5.833333333333334e-05,0.04443066666666667
2013-05-31,-0.051647,2013-04-30,2013-04-30,0.05,4.1666666666666665e-05,-0.05168866666666667
2013-06-30,0.009043,2013-05-31,2013-05-31,0.04,3.3333333333333335e-05,0.009009666666666668
2013-07-31,0.002886,2013-06-30,2013-06-28,0.04,3.3333333333333335e-05,0.002852666666666667
2013-08-31,-0.015748,2013-07-31,2013-07-31,0.04,3.3333333333333335e-05,-0.015781333333333335
2013-09-30,-0.011669,2013-08-31,2013-08-30,0.03,2.4999999999999998e-05,-0.011694000000000001
2013-10-31,0.044146,2013-09-30,2013-09-30,0.02,1.6666666666666667e-05,0.04412933333333333
2013-11-30,0.013848,2013-10-31,2013-10-31,0.04,3.3333333333333335e-05,0.013814666666666666
2013-12-31,0.038817,2013-11-30,2013-11-29,0.06,4.9999999999999996e-05,0.038766999999999996
2014-01-31,-0.041126,2013-12-31,2013-12-31,0.07,5.833333333333334e-05,-0.04118433333333334
2014-02-28,0.006923,2014-01-31,2014-01-31,0.02,1.6666666666666667e-05,0.006906333333333334
2014-03-31,0.013455,2014-02-28,2014-02-28,0.05,4.1666666666666665e-05,0.013413333333333333
2014-04-30,0.043137,2014-03-31,2014-03-31,0.05,4.1666666666666665e-05,0.04309533333333333
2014-05-31,0.010026,2014-04-30,2014-04-30,0.03,2.4999999999999998e-05,0.010001
2014-06-30,0.0233,2014-05-31,2014-05-30,0.04,3.3333333333333335e-05,0.023266666666666668
2014-07-31,-0.055109,2014-06-30,2014-06-30,0.04,3.3333333333333335e-05,-0.055142333333333335
2014-08-31,0.032553,2014-07-31,2014-07-31,0.03,2.4999999999999998e-05,0.032528
2014-09-30,-0.032889,2014-08-31,2014-08-29,0.03,2.4999999999999998e-05,-0.032914
2014-10-31,0.032378,2014-09-30,2014-09-30,0.02,1.6666666666666667e-05,0.03236133333333333
2014-11-30,0.041663,2014-10-31,2014-10-31,0.01,8.333333333333334e-06,0.041654666666666666
2014-12-31,0.037364,2014-11-30,2014-11-28,0.02,1.6666666666666667e-05,0.03734733333333334
2015-01-31,0.059238,2014-12-31,2014-12-31,0.04,3.3333333333333335e-05,0.05920466666666666
2015-02-28,-0.031978,2015-01-31,2015-01-30,0.02,1.6666666666666667e-05,-0.031994666666666664
2015-03-31,0.013875,2015-02-28,2015-02-27,0.02,1.6666666666666667e-05,0.013858333333333334
2015-04-30,-0.029635,2015-03-31,2015-03-31,0.03,2.4999999999999998e-05,-0.029660000000000002
2015-05-31,0.007073,2015-04-30,2015-04-30,0.01,8.333333333333334e-06,0.007064666666666667
2015-06-30,-0.042004,2015-05-31,2015-05-29,0.01,8.333333333333334e-06,-0.04201233333333333
2015-07-31,0.026159,2015-06-30,2015-06-30,0.01,8.333333333333334e-06,0.02615066666666667
2015-08-31,-0.025219,2015-07-31,2015-07-31,0.08,6.666666666666667e-05,-0.025285666666666665
2015-09-30,0.024419,2015-08-31,2015-08-31,0.08,6.666666666666667e-05,0.024352333333333333
2015-10-31,-0.027446,2015-09-30,2015-09-30,0.0,0.0,-0.027446
2015-11-30,0.0195,2015-10-31,2015-10-30,0.08,6.666666666666667e-05,0.019433333333333334
2015-12-31,0.014446,2015-11-30,2015-11-30,0.22,0.00018333333333333334,0.014262666666666667
2016-01-31,0.005492,2015-12-31,2015-12-31,0.16,0.00013333333333333334,0.005358666666666667
2016-02-29,0.005796,2016-01-31,2016-01-29,0.33,0.000275,0.005521
2016-03-31,-0.027938,2016-02-29,2016-02-29,0.33,0.000275,-0.028213000000000002
2016-04-30,0.014593,2016-03-31,2016-03-31,0.21,0.000175,0.014418
2016-05-31,-0.020898,2016-04-30,2016-04-29,0.22,0.00018333333333333334,-0.021081333333333334
2016-06-30,0.049264,2016-05-31,2016-05-31,0.34,0.00028333333333333335,0.04898066666666667
2016-07-31,0.032477,2016-06-30,2016-06-30,0.26,0.00021666666666666666,0.032260333333333335
2016-08-31,-0.016812,2016-07-31,2016-07-29,0.28,0.00023333333333333336,-0.017045333333333332
2016-09-30,0.01287,2016-08-31,2016-08-31,0.33,0.000275,0.012595
2016-10-31,-0.031241,2016-09-30,2016-09-30,0.29,0.00024166666666666664,-0.031482666666666666
2016-11-30,0.01678,2016-10-31,2016-10-31,0.34,0.00028333333333333335,0.016496666666666666
2016-12-31,0.005584,2016-11-30,2016-11-30,0.48,0.00039999999999999996,0.005184
2017-01-31,-0.033111,2016-12-31,2016-12-30,0.51,0.00042500000000000003,-0.033536
2017-02-28,0.035187,2017-01-31,2017-01-31,0.52,0.0004333333333333333,0.03475366666666667
2017-03-31,-0.007323,2017-02-28,2017-02-28,0.53,0.00044166666666666665,-0.007764666666666666
2017-04-30,0.011185,2017-03-31,2017-03-31,0.76,0.0006333333333333333,0.010551666666666668
2017-05-31,0.037211,2017-04-30,2017-04-28,0.8,0.0006666666666666666,0.03654433333333333
2017-06-30,0.000627,2017-05-31,2017-05-31,0.98,0.0008166666666666666,-0.00018966666666666665
2017-07-31,0.03606,2017-06-30,2017-06-30,1.03,0.0008583333333333333,0.035201666666666666
2017-08-31,0.0101,2017-07-31,2017-07-31,1.07,0.0008916666666666668,0.009208333333333332
2017-09-30,-0.034749,2017-08-31,2017-08-31,1.01,0.0008416666666666667,-0.035590666666666666
2017-10-31,0.033597,2017-09-30,2017-09-29,1.06,0.0008833333333333333,0.03271366666666667
2017-11-30,0.026897,2017-10-31,2017-10-31,1.15,0.0009583333333333333,0.02593866666666667
2017-12-31,0.026411,2017-11-30,2017-11-30,1.27,0.0010583333333333332,0.025352666666666666
2018-01-31,0.051882,2017-12-31,2017-12-29,1.39,0.0011583333333333333,0.05072366666666667
2018-02-28,-0.047876,2018-01-31,2018-01-31,1.46,0.0012166666666666667,-0.049092666666666666
2018-03-31,-0.007,2018-02-28,2018-02-28,1.65,0.0013750000000000001,-0.008375
2018-04-30,-0.009025,2018-03-31,2018-03-29,1.73,0.0014416666666666666,-0.010466666666666666
2018-05-31,-0.008047,2018-04-30,2018-04-30,1.87,0.0015583333333333334,-0.009605333333333334
2018-06-30,0.009384,2018-05-31,2018-05-31,1.93,0.0016083333333333331,0.007775666666666667
2018-07-31,0.010649,2018-06-30,2018-06-29,1.93,0.0016083333333333331,0.009040666666666667
2018-08-31,0.024807,2018-07-31,2018-07-31,2.03,0.0016916666666666666,0.02311533333333333
2018-09-30,0.003612,2018-08-31,2018-08-31,2.11,0.001758333333333333,0.001853666666666667
2018-10-31,-0.039909,2018-09-30,2018-09-28,2.19,0.001825,-0.041734
2018-11-30,0.024668,2018-10-31,2018-10-31,2.34,0.0019499999999999997,0.022718
2018-12-31,-0.017197,2018-11-30,2018-11-30,2.37,0.001975,-0.019172
2019-01-31,-0.048333,2018-12-31,2018-12-31,2.45,0.002041666666666667,-0.050374666666666665
2019-02-28,0.002903,2019-01-31,2019-01-31,2.41,0.0020083333333333333,0.0008946666666666669
2019-03-31,0.032009,2019-02-28,2019-02-28,2.45,0.002041666666666667,0.029967333333333335
2019-04-30,0.009163,2019-03-31,2019-03-29,2.4,0.002,0.007162999999999999
2019-05-31,-0.022073,2019-04-30,2019-04-30,2.43,0.0020250000000000003,-0.024097999999999998
2019-06-30,0.018072,2019-05-31,2019-05-31,2.35,0.001958333333333333,0.01611366666666667
2019-07-31,0.001937,2019-06-30,2019-06-28,2.12,0.0017666666666666666,0.00017033333333333332
2019-08-31,0.07637,2019-07-31,2019-07-31,2.08,0.0017333333333333333,0.07463666666666666
2019-09-30,-0.009222,2019-08-31,2019-08-30,1.99,0.0016583333333333335,-0.010880333333333332
2019-10-31,0.006221,2019-09-30,2019-09-30,1.88,0.0015666666666666665,0.004654333333333333
2019-11-30,-0.010678,2019-10-31,2019-10-31,1.54,0.0012833333333333334,-0.011961333333333334
2019-12-31,0.037282,2019-11-30,2019-11-29,1.59,0.001325,0.035957
2020-01-31,0.000561,2019-12-31,2019-12-31,1.55,0.0012916666666666667,-0.0007306666666666667
2020-02-29,-0.009348,2020-01-31,2020-01-31,1.55,0.0012916666666666667,-0.010639666666666667
2020-03-31,0.088904,2020-02-29,2020-02-28,1.27,0.0010583333333333332,0.08784566666666667
2020-04-30,-0.00546,2020-03-31,2020-03-31,0.11,9.166666666666667e-05,-0.0055516666666666666
2020-05-31,-0.002482,2020-04-30,2020-04-30,0.09,7.5e-05,-0.002557
2020-06-30,0.001901,2020-05-31,2020-05-29,0.14,0.00011666666666666668,0.0017843333333333333
2020-07-31,0.009387,2020-06-30,2020-06-30,0.16,0.00013333333333333334,0.009253666666666667
2020-08-31,-0.016358,2020-07-31,2020-07-31,0.09,7.5e-05,-0.016433
2020-09-30,-0.0127,2020-08-31,2020-08-31,0.11,9.166666666666667e-05,-0.012791666666666666
2020-10-31,0.005384,2020-09-30,2020-09-30,0.1,8.333333333333333e-05,0.005300666666666666
2020-11-30,-0.007251,2020-10-31,2020-10-30,0.09,7.5e-05,-0.007326
2020-12-31,0.063532,2020-11-30,2020-11-30,0.08,6.666666666666667e-05,0.06346533333333333
2021-01-31,-0.014063,2020-12-31,2020-12-31,0.09,7.5e-05,-0.014138000000000001
2021-02-28,0.029466,2021-01-31,2021-01-29,0.06,4.9999999999999996e-05,0.029415999999999998
2021-03-31,0.021557,2021-02-28,2021-02-26,0.04,3.3333333333333335e-05,0.021523666666666667
2021-04-30,0.022425,2021-03-31,2021-03-31,0.03,2.4999999999999998e-05,0.0224
2021-05-31,0.022015,2021-04-30,2021-04-30,0.01,8.333333333333334e-06,0.022006666666666667
2021-06-30,0.001471,2021-05-31,2021-05-28,0.01,8.333333333333334e-06,0.0014626666666666668
2021-07-31,-0.000441,2021-06-30,2021-06-30,0.05,4.1666666666666665e-05,-0.00048266666666666667
2021-08-31,0.013367,2021-07-31,2021-07-30,0.06,4.9999999999999996e-05,0.013317
2021-09-30,-0.005172,2021-08-31,2021-08-31,0.04,3.3333333333333335e-05,-0.0052053333333333335
2021-10-31,0.020356,2021-09-30,2021-09-30,0.04,3.3333333333333335e-05,0.020322666666666666
2021-11-30,-0.035253,2021-10-31,2021-10-29,0.05,4.1666666666666665e-05,-0.03529466666666667
2021-12-31,-0.001262,2021-11-30,2021-11-30,0.05,4.1666666666666665e-05,-0.0013036666666666667
2022-01-31,-0.015325,2021-12-31,2021-12-31,0.06,4.9999999999999996e-05,-0.015375
2022-02-28,0.025143,2022-01-31,2022-01-31,0.22,0.00018333333333333334,0.024959666666666665
2022-03-31,0.08857,2022-02-28,2022-02-28,0.35,0.00029166666666666664,0.08827833333333333
2022-04-30,0.040087,2022-03-31,2022-03-31,0.52,0.0004333333333333333,0.03965366666666666
2022-05-31,0.000357,2022-04-30,2022-04-29,0.85,0.0007083333333333334,-0.0003513333333333334
2022-06-30,0.007683,2022-05-31,2022-05-31,1.16,0.0009666666666666666,0.006716333333333333
2022-07-31,-0.04148,2022-06-30,2022-06-30,1.72,0.0014333333333333333,-0.04291333333333334
2022-08-31,0.020683,2022-07-31,2022-07-29,2.41,0.0020083333333333333,0.018674666666666666
2022-09-30,0.07605,2022-08-31,2022-08-31,2.96,0.002466666666666667,0.07358333333333333
2022-10-31,-0.005761,2022-09-30,2022-09-30,3.33,0.002775,-0.008536
2022-11-30,-0.047206,2022-10-31,2022-10-31,4.22,0.003516666666666666,-0.050722666666666666
2022-12-31,0.000658,2022-11-30,2022-11-30,4.37,0.0036416666666666667,-0.0029836666666666666
2023-01-31,-0.006327,2022-12-31,2022-12-30,4.42,0.003683333333333333,-0.010010333333333333
2023-02-28,-0.022216,2023-01-31,2023-01-31,4.7,0.003916666666666666,-0.026132666666666665
2023-03-31,-0.051608,2023-02-28,2023-02-28,4.88,0.004066666666666666,-0.055674666666666664
2023-04-30,0.003965,2023-03-31,2023-03-31,4.85,0.0040416666666666665,-7.666666666666672e-05
2023-05-31,-0.00925,2023-04-30,2023-04-28,5.1,0.0042499999999999994,-0.013499999999999998
2023-06-30,-0.008834,2023-05-31,2023-05-31,5.52,0.0046,-0.013434
2023-07-31,0.014593,2023-06-30,2023-06-30,5.43,0.0045249999999999995,0.010068
2023-08-31,0.004842,2023-07-31,2023-07-31,5.55,0.004625,0.00021700000000000018
2023-09-30,0.049946,2023-08-31,2023-08-31,5.56,0.004633333333333333,0.04531266666666667
2023-10-31,-1.1e-05,2023-09-30,2023-09-29,5.55,0.004625,-0.0046359999999999995
2023-11-30,-0.084431,2023-10-31,2023-10-31,5.59,0.004658333333333333,-0.08908933333333334
2023-12-31,0.030509,2023-11-30,2023-11-30,5.45,0.004541666666666667,0.025967333333333335
2024-01-31,-0.01015,2023-12-31,2023-12-29,5.4,0.0045000000000000005,-0.01465
2024-02-29,0.019052,2024-01-31,2024-01-31,5.42,0.004516666666666666,0.014535333333333334
2024-03-31,0.078675,2024-02-29,2024-02-29,5.45,0.004541666666666667,0.07413333333333333
2024-04-30,-0.013086,2024-03-31,2024-03-28,5.46,0.00455,-0.017636
2024-05-31,0.000922,2024-04-30,2024-04-30,5.46,0.00455,-0.003628
2024-06-30,0.00787,2024-05-31,2024-05-31,5.46,0.00455,0.00332
2024-07-31,5.3e-05,2024-06-30,2024-06-28,5.48,0.004566666666666667,-0.004513666666666667
2024-08-31,0.061073,2024-07-31,2024-07-31,5.41,0.004508333333333334,0.056564666666666666
2024-09-30,0.040154,2024-08-31,2024-08-30,5.21,0.004341666666666666,0.035812333333333335
2024-10-31,-0.048978,2024-09-30,2024-09-30,4.73,0.003941666666666667,-0.05291966666666667
2024-11-30,0.01323,2024-10-31,2024-10-31,4.64,0.0038666666666666663,0.009363333333333335
2024-12-31,-0.036522,2024-11-30,2024-11-29,4.58,0.0038166666666666666,-0.04033866666666667
2025-01-31,-0.000193,2024-12-31,2024-12-31,4.37,0.0036416666666666667,-0.0038346666666666668
2025-02-28,-0.005055,2025-01-31,2025-01-31,4.31,0.0035916666666666666,-0.008646666666666667
2025-03-31,0.011104,2025-02-28,2025-02-28,4.32,0.0036000000000000003,0.0075039999999999985
2025-04-30,-0.013342,2025-03-31,2025-03-31,4.32,0.0036000000000000003,-0.016942
2025-05-31,0.00404,2025-04-30,2025-04-30,4.31,0.0035916666666666666,0.00044833333333333357
2025-06-30,0.007564,2025-05-31,2025-05-30,4.36,0.0036333333333333335,0.003930666666666667
2025-07-31,-0.00732,2025-06-30,2025-06-30,4.41,0.003675,-0.010995
2025-08-31,0.020501,2025-07-31,2025-07-31,4.41,0.003675,0.016825999999999997
2025-09-30,0.05322,2025-08-31,2025-08-29,4.23,0.0035250000000000004,0.049695
2025-10-31,0.034885,2025-09-30,2025-09-30,4.02,0.0033499999999999992,0.031535
2025-11-30,0.017088,2025-10-31,2025-10-31,3.89,0.003241666666666667,0.013846333333333332
2025-12-31,-0.0096,2025-11-30,2025-11-28,3.88,0.0032333333333333333,-0.012833333333333332
2026-01-31,0.019308,2025-12-31,2025-12-31,3.67,0.003058333333333333,0.016249666666666666
2026-02-28,0.056302,2026-01-31,2026-01-30,3.67,0.003058333333333333,0.05324366666666666
2026-03-31,-0.035831,2026-02-28,2026-02-27,3.67,0.003058333333333333,-0.03888933333333333
2026-04-30,0.000989,2026-03-31,2026-03-31,3.7,0.0030833333333333338,-0.0020943333333333335
2026-05-31,-0.003538,2026-04-30,2026-04-30,3.68,0.0030666666666666668,-0.006604666666666667
2026-06-30,0.000553,2026-05-31,2026-05-29,3.69,0.003075,-0.002522
