month_end,gross,turnover,cost,net,buy_hold
2008-05-31,0.005661,0.997047,0.000199,0.005461,0.012977
2008-06-30,0.015916,0.835941,0.000167,0.015749,-0.003976
2008-07-31,-0.06787,2.180797,0.000436,-0.068306,-0.050245
2008-08-31,0.012748,2.114889,0.000423,0.012325,-0.023261
2008-09-30,0.065421,0.877419,0.000175,0.065245,-0.068052
2008-10-31,0.043011,1.011151,0.000202,0.042809,-0.130133
2008-11-30,0.012312,0.324349,6.5e-05,0.012247,-0.034178
2008-12-31,-2.8e-05,0.086063,1.7e-05,-4.5e-05,0.037215
2009-01-31,0.003371,0.125677,2.5e-05,0.003345,-0.061741
2009-02-28,0.014267,0.27558,5.5e-05,0.014212,-0.074535
2009-03-31,-0.024716,0.700095,0.00014,-0.024856,0.02958
2009-04-30,-0.012993,0.709594,0.000142,-0.013135,0.046749
2009-05-31,-0.002772,0.29986,6e-05,-0.002832,0.073044
2009-06-30,-0.00456,0.615594,0.000123,-0.004683,-0.007629
2009-07-31,0.027858,1.818759,0.000364,0.027494,0.033111
2009-08-31,0.036937,2.772489,0.000554,0.036383,0.010628
2009-09-30,0.042568,1.1791,0.000236,0.042332,0.032281
2009-10-31,-0.004131,1.041855,0.000208,-0.004339,-0.012267
2009-11-30,0.053652,1.723963,0.000345,0.053307,0.025068
2009-12-31,-0.022396,0.958587,0.000192,-0.022587,0.009967
2010-01-31,-0.041781,1.575075,0.000315,-0.042096,-0.026028
2010-02-28,0.009414,1.528623,0.000306,0.009108,0.014898
2010-03-31,0.034013,0.763316,0.000153,0.033861,0.007712
2010-04-30,0.026386,1.048237,0.00021,0.026177,0.019905
2010-05-31,-0.081178,0.576922,0.000115,-0.081293,-0.0366
2010-06-30,0.006923,1.963793,0.000393,0.00653,-0.000241
2010-07-31,-0.011439,0.451034,9e-05,-0.011529,0.045867
2010-08-31,0.013471,0.557799,0.000112,0.01336,-0.015342
2010-09-30,0.00846,1.9124,0.000382,0.008078,0.039135
2010-10-31,0.066808,1.669079,0.000334,0.066474,0.017979
2010-11-30,-0.037232,0.895457,0.000179,-0.037411,-0.004318
2010-12-31,0.036246,1.563055,0.000313,0.035933,0.041812
2011-01-31,0.013099,0.922978,0.000185,0.012915,0.002735
2011-02-28,0.02867,0.722755,0.000145,0.028525,0.016343
2011-03-31,-0.012617,2.042123,0.000408,-0.013025,0.003407
2011-04-30,0.029304,1.739347,0.000348,0.028956,0.029117
2011-05-31,-0.006961,0.973244,0.000195,-0.007156,-0.011493
2011-06-30,-0.010267,0.475352,9.5e-05,-0.010362,-0.017398
2011-07-31,0.021578,0.894277,0.000179,0.021399,0.009656
2011-08-31,0.020207,0.717869,0.000144,0.020063,-0.014757
2011-09-30,0.017686,0.823246,0.000165,0.017521,-0.060153
2011-10-31,-0.035778,0.594556,0.000119,-0.035897,0.059478
2011-11-30,0.001843,0.649937,0.00013,0.001713,-0.007739
2011-12-31,0.022452,0.957336,0.000191,0.02226,-0.012705
2012-01-31,0.014919,1.328688,0.000266,0.014653,0.017499
2012-02-29,-0.025313,1.538284,0.000308,-0.025621,0.013293
2012-03-31,0.008511,3.339854,0.000668,0.007843,-0.020254
2012-04-30,-0.000912,1.857176,0.000371,-0.001283,0.006167
2012-05-31,-0.01644,2.560804,0.000512,-0.016952,-0.035456
2012-06-30,-0.040721,1.91731,0.000383,-0.041105,0.036034
2012-07-31,0.0193,1.838821,0.000368,0.018932,0.026947
2012-08-31,-0.01528,0.642943,0.000129,-0.015408,0.001629
2012-09-30,0.003711,1.233009,0.000247,0.003464,0.01268
2012-10-31,0.001276,1.952688,0.000391,0.000886,-0.006781
2012-11-30,0.003684,2.593688,0.000519,0.003165,-0.003439
2012-12-31,0.061504,2.178168,0.000436,0.061069,0.002775
2013-01-31,0.035311,1.497769,0.0003,0.035012,0.010923
2013-02-28,0.015145,1.035518,0.000207,0.014938,-0.001891
2013-03-31,0.040637,1.870117,0.000374,0.040263,0.023996
2013-04-30,0.044671,0.908816,0.000182,0.044489,0.017794
2013-05-31,-0.051353,1.468488,0.000294,-0.051647,-0.039116
2013-06-30,0.009357,1.57081,0.000314,0.009043,-0.020349
2013-07-31,0.003097,1.053817,0.000211,0.002886,0.018447
2013-08-31,-0.015461,1.43593,0.000287,-0.015748,-0.008924
2013-09-30,-0.011302,1.83611,0.000367,-0.011669,0.01404
2013-10-31,0.044835,3.44635,0.000689,0.044146,0.011424
2013-11-30,0.014105,1.288083,0.000258,0.013848,-0.007866
2013-12-31,0.03905,1.163895,0.000233,0.038817,0.005624
2014-01-31,-0.040803,1.615248,0.000323,-0.041126,0.007163
2014-02-28,0.007513,2.954556,0.000591,0.006923,0.035174
2014-03-31,0.013861,2.032889,0.000407,0.013455,0.001922
2014-04-30,0.043349,1.057753,0.000212,0.043137,0.018614
2014-05-31,0.010176,0.751474,0.00015,0.010026,0.007959
2014-06-30,0.023641,1.707276,0.000341,0.0233,0.016286
2014-07-31,-0.054797,1.558661,0.000312,-0.055109,-0.023178
2014-08-31,0.033019,2.328503,0.000466,0.032553,0.017303
2014-09-30,-0.03261,1.395139,0.000279,-0.032889,-0.031201
2014-10-31,0.032781,2.013677,0.000403,0.032378,0.004573
2014-11-30,0.042008,1.724154,0.000345,0.041663,-0.013325
2014-12-31,0.037638,1.368912,0.000274,0.037364,-0.031167
2015-01-31,0.059357,0.597846,0.00012,0.059238,0.006014
2015-02-28,-0.031779,0.996434,0.000199,-0.031978,0.00223
2015-03-31,0.014142,1.333565,0.000267,0.013875,-0.010464
2015-04-30,-0.029501,0.670554,0.000134,-0.029635,0.017608
2015-05-31,0.00744,1.836959,0.000367,0.007073,-0.011599
2015-06-30,-0.041707,1.484712,0.000297,-0.042004,-0.013229
2015-07-31,0.026726,2.837844,0.000568,0.026159,-0.019296
2015-08-31,-0.024767,2.260612,0.000452,-0.025219,-0.025859
2015-09-30,0.02506,3.202945,0.000641,0.024419,-0.016805
2015-10-31,-0.027084,1.808457,0.000362,-0.027446,0.022869
2015-11-30,0.019679,0.894207,0.000179,0.0195,-0.026152
2015-12-31,0.014934,2.438483,0.000488,0.014446,-0.019705
2016-01-31,0.005724,1.159882,0.000232,0.005492,-0.016139
2016-02-29,0.006231,2.177517,0.000436,0.005796,-0.011461
2016-03-31,-0.027636,1.508834,0.000302,-0.027938,0.049946
2016-04-30,0.014855,1.306602,0.000261,0.014593,0.025433
2016-05-31,-0.020779,0.593528,0.000119,-0.020898,0.000864
2016-06-30,0.049523,1.297588,0.00026,0.049264,0.044493
2016-07-31,0.032758,1.406831,0.000281,0.032477,0.002094
2016-08-31,-0.016675,0.68803,0.000138,-0.016812,-0.004046
2016-09-30,0.013015,0.722096,0.000144,0.01287,0.006895
2016-10-31,-0.031043,0.986989,0.000197,-0.031241,-0.01799
2016-11-30,0.017153,1.86384,0.000373,0.01678,-0.013896
2016-12-31,0.005866,1.41304,0.000283,0.005584,0.018324
2017-01-31,-0.032781,1.648315,0.00033,-0.033111,0.001841
2017-02-28,0.035499,1.56167,0.000312,0.035187,0.005811
2017-03-31,-0.006954,1.845227,0.000369,-0.007323,0.002107
2017-04-30,0.011593,2.043441,0.000409,0.011185,0.002029
2017-05-31,0.03749,1.393527,0.000279,0.037211,0.001265
2017-06-30,0.000933,1.532242,0.000306,0.000627,-0.006124
2017-07-31,0.036396,1.682217,0.000336,0.03606,0.014244
2017-08-31,0.01038,1.400061,0.00028,0.0101,0.001029
2017-09-30,-0.034502,1.235285,0.000247,-0.034749,0.006352
2017-10-31,0.033982,1.924401,0.000385,0.033597,0.006703
2017-11-30,0.027182,1.423587,0.000285,0.026897,0.010529
2017-12-31,0.026839,2.141168,0.000428,0.026411,0.007362
2018-01-31,0.05209,1.042598,0.000209,0.051882,0.019726
2018-02-28,-0.047583,1.464413,0.000293,-0.047876,-0.035192
2018-03-31,-0.006603,1.989236,0.000398,-0.007,0.010727
2018-04-30,-0.008902,0.613778,0.000123,-0.009025,0.008752
2018-05-31,-0.007833,1.068488,0.000214,-0.008047,0.006184
2018-06-30,0.009889,2.526377,0.000505,0.009384,-3.6e-05
2018-07-31,0.01109,2.202772,0.000441,0.010649,0.000175
2018-08-31,0.025305,2.493585,0.000499,0.024807,0.002934
2018-09-30,0.004055,2.215761,0.000443,0.003612,0.00246
2018-10-31,-0.03945,2.298473,0.00046,-0.039909,-0.025936
2018-11-30,0.025159,2.451789,0.00049,0.024668,0.02044
2018-12-31,-0.017007,0.949487,0.00019,-0.017197,-0.045613
2019-01-31,-0.047995,1.6921,0.000338,-0.048333,0.055062
2019-02-28,0.003272,1.843931,0.000369,0.002903,0.003218
2019-03-31,0.032223,1.072722,0.000215,0.032009,0.015723
2019-04-30,0.009471,1.544091,0.000309,0.009163,0.002602
2019-05-31,-0.021768,1.524978,0.000305,-0.022073,-0.021819
2019-06-30,0.018564,2.461274,0.000492,0.018072,0.030254
2019-07-31,0.002315,1.89036,0.000378,0.001937,-0.003915
2019-08-31,0.076766,1.98279,0.000397,0.07637,0.008439
2019-09-30,-0.009026,0.981462,0.000196,-0.009222,0.011583
2019-10-31,0.006406,0.927909,0.000186,0.006221,0.009864
2019-11-30,-0.010328,1.752706,0.000351,-0.010678,-0.006254
2019-12-31,0.037712,2.14749,0.000429,0.037282,0.020272
2020-01-31,0.000869,1.538258,0.000308,0.000561,-0.018267
2020-02-29,-0.008975,1.865411,0.000373,-0.009348,-0.044869
2020-03-31,0.089247,1.714195,0.000343,0.088904,-0.116558
2020-04-30,-0.005124,1.682235,0.000336,-0.00546,0.030552
2020-05-31,-0.00245,0.164124,3.3e-05,-0.002482,0.029416
2020-06-30,0.00193,0.149504,3e-05,0.001901,0.00436
2020-07-31,0.009618,1.156766,0.000231,0.009387,0.030589
2020-08-31,-0.015856,2.509612,0.000502,-0.016358,0.032516
2020-09-30,-0.012382,1.588796,0.000318,-0.0127,-0.029686
2020-10-31,0.005621,1.182033,0.000236,0.005384,-0.007096
2020-11-30,-0.00684,2.053201,0.000411,-0.007251,0.056855
2020-12-31,0.064098,2.828069,0.000566,0.063532,0.019788
2021-01-31,-0.013951,0.560316,0.000112,-0.014063,0.002054
2021-02-28,0.029842,1.878546,0.000376,0.029466,0.025472
2021-03-31,0.021797,1.201471,0.00024,0.021557,0.003081
2021-04-30,0.022677,1.257049,0.000251,0.022425,0.031935
2021-05-31,0.022325,1.546536,0.000309,0.022015,0.014036
2021-06-30,0.001748,1.382854,0.000277,0.001471,0.025202
2021-07-31,-5.5e-05,1.925953,0.000385,-0.000441,0.008726
2021-08-31,0.013673,1.530322,0.000306,0.013367,0.01152
2021-09-30,-0.004931,1.20609,0.000241,-0.005172,0.010978
2021-10-31,0.020578,1.110272,0.000222,0.020356,0.019596
2021-11-30,-0.034946,1.53359,0.000307,-0.035253,-0.030143
2021-12-31,-0.000843,2.094636,0.000419,-0.001262,0.01984
2022-01-31,-0.014931,1.970004,0.000394,-0.015325,0.020532
2022-02-28,0.025559,2.07738,0.000415,0.025143,-0.003125
2022-03-31,0.088767,0.98511,0.000197,0.08857,0.032173
2022-04-30,0.040449,1.808791,0.000362,0.040087,-0.019014
2022-05-31,0.000428,0.35256,7.1e-05,0.000357,0.022496
2022-06-30,0.007783,0.500125,0.0001,0.007683,-0.0719
2022-07-31,-0.041286,0.972822,0.000195,-0.04148,0.06248
2022-08-31,0.020929,1.234954,0.000247,0.020683,-0.018765
2022-09-30,0.0763,1.251122,0.00025,0.07605,-0.080981
2022-10-31,-0.005636,0.624754,0.000125,-0.005761,0.016294
2022-11-30,-0.047081,0.625908,0.000125,-0.047206,0.052764
2022-12-31,0.000776,0.5862,0.000117,0.000658,-0.029929
2023-01-31,-0.006227,0.500145,0.0001,-0.006327,0.017029
2023-02-28,-0.022068,0.739534,0.000148,-0.022216,-0.036488
2023-03-31,-0.050881,3.635548,0.000727,-0.051608,0.00553
2023-04-30,0.004828,4.31625,0.000863,0.003965,0.008585
2023-05-31,-0.00904,1.048574,0.00021,-0.00925,-0.034706
2023-06-30,-0.008274,2.800997,0.00056,-0.008834,0.030884
2023-07-31,0.015056,2.313417,0.000463,0.014593,0.027756
2023-08-31,0.005166,1.623557,0.000325,0.004842,-0.01521
2023-09-30,0.050359,2.068395,0.000414,0.049946,-0.024132
2023-10-31,0.000334,1.720304,0.000344,-1.1e-05,-0.009156
2023-11-30,-0.084085,1.729772,0.000346,-0.084431,0.025455
2023-12-31,0.030999,2.448716,0.00049,0.030509,0.023046
2024-01-31,-0.010025,0.623537,0.000125,-0.01015,-0.006718
2024-02-29,0.019286,1.171366,0.000234,0.019052,0.001166
2024-03-31,0.079011,1.679335,0.000336,0.078675,0.031434
2024-04-30,-0.012924,0.810437,0.000162,-0.013086,-0.02033
2024-05-31,0.001287,1.824133,0.000365,0.000922,0.030775
2024-06-30,0.008308,2.187233,0.000437,0.00787,-0.000148
2024-07-31,0.000337,1.420337,0.000284,5.3e-05,0.015101
2024-08-31,0.061576,2.519338,0.000504,0.061073,0.016261
2024-09-30,0.040432,1.391512,0.000278,0.040154,0.029737
2024-10-31,-0.048876,0.510012,0.000102,-0.048978,-0.028749
2024-11-30,0.013506,1.382226,0.000276,0.01323,0.02518
2024-12-31,-0.036308,1.071899,0.000214,-0.036522,-0.015243
2025-01-31,0.000177,1.848976,0.00037,-0.000193,0.018596
2025-02-28,-0.004721,1.669104,0.000334,-0.005055,0.025263
2025-03-31,0.011328,1.116895,0.000223,0.011104,0.007154
2025-04-30,-0.013036,1.530765,0.000306,-0.013342,-0.022925
2025-05-31,0.004352,1.559653,0.000312,0.00404,0.011795
2025-06-30,0.007743,0.895561,0.000179,0.007564,0.019124
2025-07-31,-0.007146,0.866094,0.000173,-0.00732,0.000219
2025-08-31,0.020892,1.954549,0.000391,0.020501,0.015173
2025-09-30,0.053569,1.746501,0.000349,0.05322,0.019315
2025-10-31,0.035096,1.054448,0.000211,0.034885,0.005694
2025-11-30,0.017363,1.373091,0.000275,0.017088,0.01329
2025-12-31,-0.009479,0.605046,0.000121,-0.0096,-0.014838
2026-01-31,0.019476,0.843722,0.000169,0.019308,0.061833
2026-02-28,0.05656,1.292025,0.000258,0.056302,0.017873
2026-03-31,-0.035623,1.040522,0.000208,-0.035831,0.006091
2026-04-30,0.001465,2.378743,0.000476,0.000989,0.029887
2026-05-31,-0.003342,0.978286,0.000196,-0.003538,0.000295
2026-06-30,0.000697,0.71976,0.000144,0.000553,-0.009171
