series,date,weekday,source,source_url,detail
CPI,2006-01-18,Wed,BLS_PDF,https://www.bls.gov/bls/bls2006sched.pdf,Consumer Price Index (BLS 2006 annual schedule)
CPI,2006-02-22,Wed,BLS_PDF,https://www.bls.gov/bls/bls2006sched.pdf,Consumer Price Indexes (BLS 2006 annual schedule)
CPI,2006-03-16,Thu,BLS_PDF,https://www.bls.gov/bls/bls2006sched.pdf,Consumer Price Index (BLS 2006 annual schedule)
CPI,2006-04-19,Wed,BLS_PDF,https://www.bls.gov/bls/bls2006sched.pdf,Consumer Price Index (BLS 2006 annual schedule)
CPI,2006-05-17,Wed,BLS_PDF,https://www.bls.gov/bls/bls2006sched.pdf,Consumer Price Index (BLS 2006 annual schedule)
CPI,2006-06-14,Wed,BLS_PDF,https://www.bls.gov/bls/bls2006sched.pdf,Consumer Price Index (BLS 2006 annual schedule)
CPI,2006-07-19,Wed,BLS_PDF,https://www.bls.gov/bls/bls2006sched.pdf,Consumer Price Index (BLS 2006 annual schedule)
CPI,2006-08-16,Wed,BLS_PDF,https://www.bls.gov/bls/bls2006sched.pdf,Consumer Price Index (BLS 2006 annual schedule)
CPI,2006-09-15,Fri,BLS_PDF,https://www.bls.gov/bls/bls2006sched.pdf,Consumer Price Index (BLS 2006 annual schedule)
CPI,2006-10-18,Wed,BLS_PDF,https://www.bls.gov/bls/bls2006sched.pdf,Consumer Price Index (BLS 2006 annual schedule)
CPI,2006-11-16,Thu,BLS_PDF,https://www.bls.gov/bls/bls2006sched.pdf,Consumer Price Index (BLS 2006 annual schedule)
CPI,2006-12-15,Fri,BLS_PDF,https://www.bls.gov/bls/bls2006sched.pdf,Consumer Price Index (BLS 2006 annual schedule)
CPI,2007-01-18,Thu,BLS_PDF,https://www.bls.gov/bls/bls2006sched.pdf,Consumer Price Index (BLS 2006 annual schedule)
CPI,2007-02-21,Wed,BLS_PDF,https://www.bls.gov/bls/bls2007sched.pdf,Consumer Price Indexes (BLS 2007 annual schedule)
CPI,2007-03-16,Fri,BLS_PDF,https://www.bls.gov/bls/bls2007sched.pdf,Consumer Price Index (BLS 2007 annual schedule)
CPI,2007-04-17,Tue,BLS_PDF,https://www.bls.gov/bls/bls2007sched.pdf,Consumer Price Index (BLS 2007 annual schedule)
CPI,2007-05-15,Tue,BLS_PDF,https://www.bls.gov/bls/bls2007sched.pdf,Consumer Price Index (BLS 2007 annual schedule)
CPI,2007-06-15,Fri,BLS_PDF,https://www.bls.gov/bls/bls2007sched.pdf,Consumer Price Index (BLS 2007 annual schedule)
CPI,2007-07-18,Wed,BLS_PDF,https://www.bls.gov/bls/bls2007sched.pdf,Consumer Price Index (BLS 2007 annual schedule)
CPI,2007-08-15,Wed,BLS_PDF,https://www.bls.gov/bls/bls2007sched.pdf,Consumer Price Index (BLS 2007 annual schedule)
CPI,2007-09-19,Wed,BLS_PDF,https://www.bls.gov/bls/bls2007sched.pdf,Consumer Price Index (BLS 2007 annual schedule)
CPI,2007-10-17,Wed,BLS_PDF,https://www.bls.gov/bls/bls2007sched.pdf,Consumer Price Index (BLS 2007 annual schedule)
CPI,2007-11-15,Thu,BLS_PDF,https://www.bls.gov/bls/bls2007sched.pdf,Consumer Price Index (BLS 2007 annual schedule)
CPI,2007-12-14,Fri,BLS_PDF,https://www.bls.gov/bls/bls2007sched.pdf,Consumer Price Index (BLS 2007 annual schedule)
CPI,2008-01-16,Wed,BLS,https://www.bls.gov/schedule/2008/home.htm,Consumer Price Index for December 2007
CPI,2008-02-20,Wed,BLS,https://www.bls.gov/schedule/2008/home.htm,Consumer Price Index for January 2008
CPI,2008-03-14,Fri,BLS,https://www.bls.gov/schedule/2008/home.htm,Consumer Price Index for February 2008
CPI,2008-04-16,Wed,BLS,https://www.bls.gov/schedule/2008/home.htm,Consumer Price Index for March 2008
CPI,2008-05-14,Wed,BLS,https://www.bls.gov/schedule/2008/home.htm,Consumer Price Index for April 2008
CPI,2008-06-13,Fri,BLS,https://www.bls.gov/schedule/2008/home.htm,Consumer Price Index for May 2008
CPI,2008-07-16,Wed,BLS,https://www.bls.gov/schedule/2008/home.htm,Consumer Price Index for June 2008
CPI,2008-08-14,Thu,BLS,https://www.bls.gov/schedule/2008/home.htm,Consumer Price Index for July 2008
CPI,2008-09-16,Tue,BLS,https://www.bls.gov/schedule/2008/home.htm,Consumer Price Index for August 2008
CPI,2008-10-16,Thu,BLS,https://www.bls.gov/schedule/2008/home.htm,Consumer Price Index for September 2008
CPI,2008-11-19,Wed,BLS,https://www.bls.gov/schedule/2008/home.htm,Consumer Price Index for October 2008
CPI,2008-12-16,Tue,BLS,https://www.bls.gov/schedule/2008/home.htm,Consumer Price Index for November 2008
CPI,2009-01-16,Fri,BLS,https://www.bls.gov/schedule/2009/home.htm,Consumer Price Index for December 2008
CPI,2009-02-20,Fri,BLS,https://www.bls.gov/schedule/2009/home.htm,Consumer Price Index for January 2009
CPI,2009-03-18,Wed,BLS,https://www.bls.gov/schedule/2009/home.htm,Consumer Price Index for February 2009
CPI,2009-04-15,Wed,BLS,https://www.bls.gov/schedule/2009/home.htm,Consumer Price Index for March 2009
CPI,2009-05-15,Fri,BLS,https://www.bls.gov/schedule/2009/home.htm,Consumer Price Index for April 2009
CPI,2009-06-17,Wed,BLS,https://www.bls.gov/schedule/2009/home.htm,Consumer Price Index for May 2009
CPI,2009-07-15,Wed,BLS,https://www.bls.gov/schedule/2009/home.htm,Consumer Price Index for June 2009
CPI,2009-08-14,Fri,BLS,https://www.bls.gov/schedule/2009/home.htm,Consumer Price Index for July 2009
CPI,2009-09-16,Wed,BLS,https://www.bls.gov/schedule/2009/home.htm,Consumer Price Index for August 2009
CPI,2009-10-15,Thu,BLS,https://www.bls.gov/schedule/2009/home.htm,Consumer Price Index for September 2009
CPI,2009-11-18,Wed,BLS,https://www.bls.gov/schedule/2009/home.htm,Consumer Price Index for October 2009
CPI,2009-12-16,Wed,BLS,https://www.bls.gov/schedule/2009/home.htm,Consumer Price Index for November 2009
CPI,2010-01-15,Fri,BLS,https://www.bls.gov/schedule/2010/home.htm,Consumer Price Index for December 2009
CPI,2010-02-19,Fri,BLS,https://www.bls.gov/schedule/2010/home.htm,Consumer Price Index for January 2010
CPI,2010-03-18,Thu,BLS,https://www.bls.gov/schedule/2010/home.htm,Consumer Price Index for February 2010
CPI,2010-04-14,Wed,BLS,https://www.bls.gov/schedule/2010/home.htm,Consumer Price Index for March 2010
CPI,2010-05-19,Wed,BLS,https://www.bls.gov/schedule/2010/home.htm,Consumer Price Index for April 2010
CPI,2010-06-17,Thu,BLS,https://www.bls.gov/schedule/2010/home.htm,Consumer Price Index for May 2010
CPI,2010-07-16,Fri,BLS,https://www.bls.gov/schedule/2010/home.htm,Consumer Price Index for June 2010
CPI,2010-08-13,Fri,BLS,https://www.bls.gov/schedule/2010/home.htm,Consumer Price Index for July 2010
CPI,2010-09-17,Fri,BLS,https://www.bls.gov/schedule/2010/home.htm,Consumer Price Index for August 2010
CPI,2010-10-15,Fri,BLS,https://www.bls.gov/schedule/2010/home.htm,Consumer Price Index for September 2010
CPI,2010-11-17,Wed,BLS,https://www.bls.gov/schedule/2010/home.htm,Consumer Price Index for October 2010
CPI,2010-12-15,Wed,BLS,https://www.bls.gov/schedule/2010/home.htm,Consumer Price Index for November 2010
CPI,2011-01-14,Fri,BLS,https://www.bls.gov/schedule/2011/home.htm,Consumer Price Index for December 2010
CPI,2011-02-17,Thu,BLS,https://www.bls.gov/schedule/2011/home.htm,Consumer Price Index for January 2011
CPI,2011-03-17,Thu,BLS,https://www.bls.gov/schedule/2011/home.htm,Consumer Price Index for February 2011
CPI,2011-04-15,Fri,BLS,https://www.bls.gov/schedule/2011/home.htm,Consumer Price Index for March 2011
CPI,2011-05-13,Fri,BLS,https://www.bls.gov/schedule/2011/home.htm,Consumer Price Index for April 2011
CPI,2011-06-15,Wed,BLS,https://www.bls.gov/schedule/2011/home.htm,Consumer Price Index for May 2011
CPI,2011-07-15,Fri,BLS,https://www.bls.gov/schedule/2011/home.htm,Consumer Price Index for June 2011
CPI,2011-08-18,Thu,BLS,https://www.bls.gov/schedule/2011/home.htm,Consumer Price Index for July 2011
CPI,2011-09-15,Thu,BLS,https://www.bls.gov/schedule/2011/home.htm,Consumer Price Index for August 2011
CPI,2011-10-19,Wed,BLS,https://www.bls.gov/schedule/2011/home.htm,Consumer Price Index for September 2011
CPI,2011-11-16,Wed,BLS,https://www.bls.gov/schedule/2011/home.htm,Consumer Price Index for October 2011
CPI,2011-12-16,Fri,BLS,https://www.bls.gov/schedule/2011/home.htm,Consumer Price Index for November 2011
CPI,2012-01-19,Thu,BLS,https://www.bls.gov/schedule/2012/home.htm,Consumer Price Index for December 2011
CPI,2012-02-17,Fri,BLS,https://www.bls.gov/schedule/2012/home.htm,Consumer Price Index for January 2012
CPI,2012-03-16,Fri,BLS,https://www.bls.gov/schedule/2012/home.htm,Consumer Price Index for February 2012
CPI,2012-04-13,Fri,BLS,https://www.bls.gov/schedule/2012/home.htm,Consumer Price Index for March 2012
CPI,2012-05-15,Tue,BLS,https://www.bls.gov/schedule/2012/home.htm,Consumer Price Index for April 2012
CPI,2012-06-14,Thu,BLS,https://www.bls.gov/schedule/2012/home.htm,Consumer Price Index for May 2012
CPI,2012-07-17,Tue,BLS,https://www.bls.gov/schedule/2012/home.htm,Consumer Price Index for June 2012
CPI,2012-08-15,Wed,BLS,https://www.bls.gov/schedule/2012/home.htm,Consumer Price Index for July 2012
CPI,2012-09-14,Fri,BLS,https://www.bls.gov/schedule/2012/home.htm,Consumer Price Index for August 2012
CPI,2012-10-16,Tue,BLS,https://www.bls.gov/schedule/2012/home.htm,Consumer Price Index for September 2012
CPI,2012-11-15,Thu,BLS,https://www.bls.gov/schedule/2012/home.htm,Consumer Price Index for October 2012
CPI,2012-12-14,Fri,BLS,https://www.bls.gov/schedule/2012/home.htm,Consumer Price Index for November 2012
CPI,2013-01-16,Wed,BLS,https://www.bls.gov/schedule/2013/home.htm,Consumer Price Index for December 2012
CPI,2013-02-21,Thu,BLS,https://www.bls.gov/schedule/2013/home.htm,Consumer Price Index for January 2013
CPI,2013-03-15,Fri,BLS,https://www.bls.gov/schedule/2013/home.htm,Consumer Price Index for February 2013
CPI,2013-04-16,Tue,BLS,https://www.bls.gov/schedule/2013/home.htm,Consumer Price Index for March 2013
CPI,2013-05-16,Thu,BLS,https://www.bls.gov/schedule/2013/home.htm,Consumer Price Index for April 2013
CPI,2013-06-18,Tue,BLS,https://www.bls.gov/schedule/2013/home.htm,Consumer Price Index for May 2013
CPI,2013-07-16,Tue,BLS,https://www.bls.gov/schedule/2013/home.htm,Consumer Price Index for June 2013
CPI,2013-08-15,Thu,BLS,https://www.bls.gov/schedule/2013/home.htm,Consumer Price Index for July 2013
CPI,2013-09-17,Tue,BLS,https://www.bls.gov/schedule/2013/home.htm,Consumer Price Index for August 2013
CPI,2013-10-30,Wed,BLS,https://www.bls.gov/schedule/2013/home.htm,Consumer Price Index for September 2013
CPI,2013-11-20,Wed,BLS,https://www.bls.gov/schedule/2013/home.htm,Consumer Price Index for October 2013
CPI,2013-12-17,Tue,BLS,https://www.bls.gov/schedule/2013/home.htm,Consumer Price Index for November 2013
CPI,2014-01-16,Thu,BLS,https://www.bls.gov/schedule/2014/home.htm,Consumer Price Index for December 2013
CPI,2014-02-20,Thu,BLS,https://www.bls.gov/schedule/2014/home.htm,Consumer Price Index for January 2014
CPI,2014-03-18,Tue,BLS,https://www.bls.gov/schedule/2014/home.htm,Consumer Price Index for February 2014
CPI,2014-04-15,Tue,BLS,https://www.bls.gov/schedule/2014/home.htm,Consumer Price Index for March 2014
CPI,2014-05-15,Thu,BLS,https://www.bls.gov/schedule/2014/home.htm,Consumer Price Index for April 2014
CPI,2014-06-17,Tue,BLS,https://www.bls.gov/schedule/2014/home.htm,Consumer Price Index for May 2014
CPI,2014-07-22,Tue,BLS,https://www.bls.gov/schedule/2014/home.htm,Consumer Price Index for June 2014
CPI,2014-08-19,Tue,BLS,https://www.bls.gov/schedule/2014/home.htm,Consumer Price Index for July 2014
CPI,2014-09-17,Wed,BLS,https://www.bls.gov/schedule/2014/home.htm,Consumer Price Index for August 2014
CPI,2014-10-22,Wed,BLS,https://www.bls.gov/schedule/2014/home.htm,Consumer Price Index for September 2014
CPI,2014-11-20,Thu,BLS,https://www.bls.gov/schedule/2014/home.htm,Consumer Price Index for October 2014
CPI,2014-12-17,Wed,BLS,https://www.bls.gov/schedule/2014/home.htm,Consumer Price Index for November 2014
CPI,2015-01-16,Fri,BLS,https://www.bls.gov/schedule/2015/home.htm,Consumer Price Index for December 2014
CPI,2015-02-26,Thu,BLS,https://www.bls.gov/schedule/2015/home.htm,Consumer Price Index for January 2015
CPI,2015-03-24,Tue,BLS,https://www.bls.gov/schedule/2015/home.htm,Consumer Price Index for February 2015
CPI,2015-04-17,Fri,BLS,https://www.bls.gov/schedule/2015/home.htm,Consumer Price Index for March 2015
CPI,2015-05-22,Fri,BLS,https://www.bls.gov/schedule/2015/home.htm,Consumer Price Index for April 2015
CPI,2015-06-18,Thu,BLS,https://www.bls.gov/schedule/2015/home.htm,Consumer Price Index for May 2015
CPI,2015-07-17,Fri,BLS,https://www.bls.gov/schedule/2015/home.htm,Consumer Price Index for June 2015
CPI,2015-08-19,Wed,BLS,https://www.bls.gov/schedule/2015/home.htm,Consumer Price Index for July 2015
CPI,2015-09-16,Wed,BLS,https://www.bls.gov/schedule/2015/home.htm,Consumer Price Index for August 2015
CPI,2015-10-15,Thu,BLS,https://www.bls.gov/schedule/2015/home.htm,Consumer Price Index for September 2015
CPI,2015-11-17,Tue,BLS,https://www.bls.gov/schedule/2015/home.htm,Consumer Price Index for October 2015
CPI,2015-12-15,Tue,BLS,https://www.bls.gov/schedule/2015/home.htm,Consumer Price Index for November 2015
CPI,2016-01-20,Wed,BLS,https://www.bls.gov/schedule/2016/home.htm,Consumer Price Index for December 2015
CPI,2016-02-19,Fri,BLS,https://www.bls.gov/schedule/2016/home.htm,Consumer Price Index for January 2016
CPI,2016-03-16,Wed,BLS,https://www.bls.gov/schedule/2016/home.htm,Consumer Price Index for February 2016
CPI,2016-04-14,Thu,BLS,https://www.bls.gov/schedule/2016/home.htm,Consumer Price Index for March 2016
CPI,2016-05-17,Tue,BLS,https://www.bls.gov/schedule/2016/home.htm,Consumer Price Index for April 2016
CPI,2016-06-16,Thu,BLS,https://www.bls.gov/schedule/2016/home.htm,Consumer Price Index for May 2016
CPI,2016-07-15,Fri,BLS,https://www.bls.gov/schedule/2016/home.htm,Consumer Price Index for June 2016
CPI,2016-08-16,Tue,BLS,https://www.bls.gov/schedule/2016/home.htm,Consumer Price Index for July 2016
CPI,2016-09-16,Fri,BLS,https://www.bls.gov/schedule/2016/home.htm,Consumer Price Index for August 2016
CPI,2016-10-18,Tue,BLS,https://www.bls.gov/schedule/2016/home.htm,Consumer Price Index for September 2016
CPI,2016-11-17,Thu,BLS,https://www.bls.gov/schedule/2016/home.htm,Consumer Price Index for October 2016
CPI,2016-12-15,Thu,BLS,https://www.bls.gov/schedule/2016/home.htm,Consumer Price Index for November 2016
CPI,2017-01-18,Wed,BLS,https://www.bls.gov/schedule/2017/home.htm,Consumer Price Index for December 2016
CPI,2017-02-15,Wed,BLS,https://www.bls.gov/schedule/2017/home.htm,Consumer Price Index for January 2017
CPI,2017-03-15,Wed,BLS,https://www.bls.gov/schedule/2017/home.htm,Consumer Price Index for February 2017
CPI,2017-04-14,Fri,BLS,https://www.bls.gov/schedule/2017/home.htm,Consumer Price Index for March 2017
CPI,2017-05-12,Fri,BLS,https://www.bls.gov/schedule/2017/home.htm,Consumer Price Index for April 2017
CPI,2017-06-14,Wed,BLS,https://www.bls.gov/schedule/2017/home.htm,Consumer Price Index for May 2017
CPI,2017-07-14,Fri,BLS,https://www.bls.gov/schedule/2017/home.htm,Consumer Price Index for June 2017
CPI,2017-08-11,Fri,BLS,https://www.bls.gov/schedule/2017/home.htm,Consumer Price Index for July 2017
CPI,2017-09-14,Thu,BLS,https://www.bls.gov/schedule/2017/home.htm,Consumer Price Index for August 2017
CPI,2017-10-13,Fri,BLS,https://www.bls.gov/schedule/2017/home.htm,Consumer Price Index for September 2017
CPI,2017-11-15,Wed,BLS,https://www.bls.gov/schedule/2017/home.htm,Consumer Price Index for October 2017
CPI,2017-12-13,Wed,BLS,https://www.bls.gov/schedule/2017/home.htm,Consumer Price Index for November 2017
CPI,2018-01-12,Fri,BLS,https://www.bls.gov/schedule/2018/home.htm,Consumer Price Index for December 2017
CPI,2018-02-14,Wed,BLS,https://www.bls.gov/schedule/2018/home.htm,Consumer Price Index for January 2018
CPI,2018-03-13,Tue,BLS,https://www.bls.gov/schedule/2018/home.htm,Consumer Price Index for February 2018
CPI,2018-04-11,Wed,BLS,https://www.bls.gov/schedule/2018/home.htm,Consumer Price Index for March 2018
CPI,2018-05-10,Thu,BLS,https://www.bls.gov/schedule/2018/home.htm,Consumer Price Index for April 2018
CPI,2018-06-12,Tue,BLS,https://www.bls.gov/schedule/2018/home.htm,Consumer Price Index for May 2018
CPI,2018-07-12,Thu,BLS,https://www.bls.gov/schedule/2018/home.htm,Consumer Price Index for June 2018
CPI,2018-08-10,Fri,BLS,https://www.bls.gov/schedule/2018/home.htm,Consumer Price Index for July 2018
CPI,2018-09-13,Thu,BLS,https://www.bls.gov/schedule/2018/home.htm,Consumer Price Index for August 2018
CPI,2018-10-11,Thu,BLS,https://www.bls.gov/schedule/2018/home.htm,Consumer Price Index for September 2018
CPI,2018-11-14,Wed,BLS,https://www.bls.gov/schedule/2018/home.htm,Consumer Price Index for October 2018
CPI,2018-12-12,Wed,BLS,https://www.bls.gov/schedule/2018/home.htm,Consumer Price Index for November 2018
CPI,2019-01-11,Fri,BLS,https://www.bls.gov/schedule/2019/home.htm,Consumer Price Index for December 2018
CPI,2019-02-13,Wed,BLS,https://www.bls.gov/schedule/2019/home.htm,Consumer Price Index for January 2019
CPI,2019-03-12,Tue,BLS,https://www.bls.gov/schedule/2019/home.htm,Consumer Price Index for February 2019
CPI,2019-04-10,Wed,BLS,https://www.bls.gov/schedule/2019/home.htm,Consumer Price Index for March 2019
CPI,2019-05-10,Fri,BLS,https://www.bls.gov/schedule/2019/home.htm,Consumer Price Index for April 2019
CPI,2019-06-12,Wed,BLS,https://www.bls.gov/schedule/2019/home.htm,Consumer Price Index for May 2019
CPI,2019-07-11,Thu,BLS,https://www.bls.gov/schedule/2019/home.htm,Consumer Price Index for June 2019
CPI,2019-08-13,Tue,BLS,https://www.bls.gov/schedule/2019/home.htm,Consumer Price Index for July 2019
CPI,2019-09-12,Thu,BLS,https://www.bls.gov/schedule/2019/home.htm,Consumer Price Index for August 2019
CPI,2019-10-10,Thu,BLS,https://www.bls.gov/schedule/2019/home.htm,Consumer Price Index for September 2019
CPI,2019-11-13,Wed,BLS,https://www.bls.gov/schedule/2019/home.htm,Consumer Price Index for October 2019
CPI,2019-12-11,Wed,BLS,https://www.bls.gov/schedule/2019/home.htm,Consumer Price Index for November 2019
CPI,2020-01-14,Tue,BLS,https://www.bls.gov/schedule/2020/home.htm,Consumer Price Index for December 2019
CPI,2020-02-13,Thu,BLS,https://www.bls.gov/schedule/2020/home.htm,Consumer Price Index for January 2020
CPI,2020-03-11,Wed,BLS,https://www.bls.gov/schedule/2020/home.htm,Consumer Price Index for February 2020
CPI,2020-04-10,Fri,BLS,https://www.bls.gov/schedule/2020/home.htm,Consumer Price Index for March 2020
CPI,2020-05-12,Tue,BLS,https://www.bls.gov/schedule/2020/home.htm,Consumer Price Index for April 2020
CPI,2020-06-10,Wed,BLS,https://www.bls.gov/schedule/2020/home.htm,Consumer Price Index for May 2020
CPI,2020-07-14,Tue,BLS,https://www.bls.gov/schedule/2020/home.htm,Consumer Price Index for June 2020
CPI,2020-08-12,Wed,BLS,https://www.bls.gov/schedule/2020/home.htm,Consumer Price Index for July 2020
CPI,2020-09-11,Fri,BLS,https://www.bls.gov/schedule/2020/home.htm,Consumer Price Index for August 2020
CPI,2020-10-13,Tue,BLS,https://www.bls.gov/schedule/2020/home.htm,Consumer Price Index for September 2020
CPI,2020-11-12,Thu,BLS,https://www.bls.gov/schedule/2020/home.htm,Consumer Price Index for October 2020
CPI,2020-12-10,Thu,BLS,https://www.bls.gov/schedule/2020/home.htm,Consumer Price Index for November 2020
CPI,2021-01-13,Wed,BLS,https://www.bls.gov/schedule/2021/home.htm,Consumer Price Index for December 2020
CPI,2021-02-10,Wed,BLS,https://www.bls.gov/schedule/2021/home.htm,Consumer Price Index for January 2021
CPI,2021-03-10,Wed,BLS,https://www.bls.gov/schedule/2021/home.htm,Consumer Price Index for February 2021
CPI,2021-04-13,Tue,BLS,https://www.bls.gov/schedule/2021/home.htm,Consumer Price Index for March 2021
CPI,2021-05-12,Wed,BLS,https://www.bls.gov/schedule/2021/home.htm,Consumer Price Index for April 2021
CPI,2021-06-10,Thu,BLS,https://www.bls.gov/schedule/2021/home.htm,Consumer Price Index for May 2021
CPI,2021-07-13,Tue,BLS,https://www.bls.gov/schedule/2021/home.htm,Consumer Price Index for June 2021
CPI,2021-08-11,Wed,BLS,https://www.bls.gov/schedule/2021/home.htm,Consumer Price Index for July 2021
CPI,2021-09-14,Tue,BLS,https://www.bls.gov/schedule/2021/home.htm,Consumer Price Index for August 2021
CPI,2021-10-13,Wed,BLS,https://www.bls.gov/schedule/2021/home.htm,Consumer Price Index for September 2021
CPI,2021-11-10,Wed,BLS,https://www.bls.gov/schedule/2021/home.htm,Consumer Price Index for October 2021
CPI,2021-12-10,Fri,BLS,https://www.bls.gov/schedule/2021/home.htm,Consumer Price Index for November 2021
CPI,2022-01-12,Wed,BLS,https://www.bls.gov/schedule/2022/home.htm,Consumer Price Index for December 2021
CPI,2022-02-10,Thu,BLS,https://www.bls.gov/schedule/2022/home.htm,Consumer Price Index for January 2022
CPI,2022-03-10,Thu,BLS,https://www.bls.gov/schedule/2022/home.htm,Consumer Price Index for February 2022
CPI,2022-04-12,Tue,BLS,https://www.bls.gov/schedule/2022/home.htm,Consumer Price Index for March 2022
CPI,2022-05-11,Wed,BLS,https://www.bls.gov/schedule/2022/home.htm,Consumer Price Index for April 2022
CPI,2022-06-10,Fri,BLS,https://www.bls.gov/schedule/2022/home.htm,Consumer Price Index for May 2022
CPI,2022-07-13,Wed,BLS,https://www.bls.gov/schedule/2022/home.htm,Consumer Price Index for June 2022
CPI,2022-08-10,Wed,BLS,https://www.bls.gov/schedule/2022/home.htm,Consumer Price Index for July 2022
CPI,2022-09-13,Tue,BLS,https://www.bls.gov/schedule/2022/home.htm,Consumer Price Index for August 2022
CPI,2022-10-13,Thu,BLS,https://www.bls.gov/schedule/2022/home.htm,Consumer Price Index for September 2022
CPI,2022-11-10,Thu,BLS,https://www.bls.gov/schedule/2022/home.htm,Consumer Price Index for October 2022
CPI,2022-12-13,Tue,BLS,https://www.bls.gov/schedule/2022/home.htm,Consumer Price Index for November 2022
CPI,2023-01-12,Thu,BLS,https://www.bls.gov/schedule/2023/home.htm,Consumer Price Index for December 2022
CPI,2023-02-14,Tue,BLS,https://www.bls.gov/schedule/2023/home.htm,Consumer Price Index for January 2023
CPI,2023-03-14,Tue,BLS,https://www.bls.gov/schedule/2023/home.htm,Consumer Price Index for February 2023
CPI,2023-04-12,Wed,BLS,https://www.bls.gov/schedule/2023/home.htm,Consumer Price Index for March 2023
CPI,2023-05-10,Wed,BLS,https://www.bls.gov/schedule/2023/home.htm,Consumer Price Index for April 2023
CPI,2023-06-13,Tue,BLS,https://www.bls.gov/schedule/2023/home.htm,Consumer Price Index for May 2023
CPI,2023-07-12,Wed,BLS,https://www.bls.gov/schedule/2023/home.htm,Consumer Price Index for June 2023
CPI,2023-08-10,Thu,BLS,https://www.bls.gov/schedule/2023/home.htm,Consumer Price Index for July 2023
CPI,2023-09-13,Wed,BLS,https://www.bls.gov/schedule/2023/home.htm,Consumer Price Index for August 2023
CPI,2023-10-12,Thu,BLS,https://www.bls.gov/schedule/2023/home.htm,Consumer Price Index for September 2023
CPI,2023-11-14,Tue,BLS,https://www.bls.gov/schedule/2023/home.htm,Consumer Price Index for October 2023
CPI,2023-12-12,Tue,BLS,https://www.bls.gov/schedule/2023/home.htm,Consumer Price Index for November 2023
CPI,2024-01-11,Thu,BLS,https://www.bls.gov/schedule/2024/home.htm,Consumer Price Index for December 2023
CPI,2024-02-13,Tue,BLS,https://www.bls.gov/schedule/2024/home.htm,Consumer Price Index for January 2024
CPI,2024-03-12,Tue,BLS,https://www.bls.gov/schedule/2024/home.htm,Consumer Price Index for February 2024
CPI,2024-04-10,Wed,BLS,https://www.bls.gov/schedule/2024/home.htm,Consumer Price Index for March 2024
CPI,2024-05-15,Wed,BLS,https://www.bls.gov/schedule/2024/home.htm,Consumer Price Index for April 2024
CPI,2024-06-12,Wed,BLS,https://www.bls.gov/schedule/2024/home.htm,Consumer Price Index for May 2024
CPI,2024-07-11,Thu,BLS,https://www.bls.gov/schedule/2024/home.htm,Consumer Price Index for June 2024
CPI,2024-08-14,Wed,BLS,https://www.bls.gov/schedule/2024/home.htm,Consumer Price Index for July 2024
CPI,2024-09-11,Wed,BLS,https://www.bls.gov/schedule/2024/home.htm,Consumer Price Index for August 2024
CPI,2024-10-10,Thu,BLS,https://www.bls.gov/schedule/2024/home.htm,Consumer Price Index for September 2024
CPI,2024-11-13,Wed,BLS,https://www.bls.gov/schedule/2024/home.htm,Consumer Price Index for October 2024
CPI,2024-12-11,Wed,BLS,https://www.bls.gov/schedule/2024/home.htm,Consumer Price Index for November 2024
CPI,2025-01-15,Wed,BLS,https://www.bls.gov/schedule/2025/home.htm,Consumer Price Index for December 2024
CPI,2025-02-12,Wed,BLS,https://www.bls.gov/schedule/2025/home.htm,Consumer Price Index for January 2025
CPI,2025-03-12,Wed,BLS,https://www.bls.gov/schedule/2025/home.htm,Consumer Price Index for February 2025
CPI,2025-04-10,Thu,BLS,https://www.bls.gov/schedule/2025/home.htm,Consumer Price Index for March 2025
CPI,2025-05-13,Tue,BLS,https://www.bls.gov/schedule/2025/home.htm,Consumer Price Index for April 2025
CPI,2025-06-11,Wed,BLS,https://www.bls.gov/schedule/2025/home.htm,Consumer Price Index for May 2025
CPI,2025-07-15,Tue,BLS,https://www.bls.gov/schedule/2025/home.htm,Consumer Price Index for June 2025
CPI,2025-08-12,Tue,BLS,https://www.bls.gov/schedule/2025/home.htm,Consumer Price Index for July 2025
CPI,2025-09-11,Thu,BLS,https://www.bls.gov/schedule/2025/home.htm,Consumer Price Index for August 2025
CPI,2025-10-24,Fri,BLS,https://www.bls.gov/schedule/2025/home.htm,Consumer Price Index for September 2025
CPI,2025-12-18,Thu,BLS,https://www.bls.gov/schedule/2025/home.htm,Consumer Price Index for November 2025
CPI,2026-01-13,Tue,BLS,https://www.bls.gov/schedule/2026/home.htm,Consumer Price Index for December 2025
CPI,2026-02-13,Fri,BLS,https://www.bls.gov/schedule/2026/home.htm,Consumer Price Index for January 2026
CPI,2026-03-11,Wed,BLS,https://www.bls.gov/schedule/2026/home.htm,Consumer Price Index for February 2026
CPI,2026-04-10,Fri,BLS,https://www.bls.gov/schedule/2026/home.htm,Consumer Price Index for March 2026
CPI,2026-05-12,Tue,BLS,https://www.bls.gov/schedule/2026/home.htm,Consumer Price Index for April 2026
CPI,2026-06-10,Wed,BLS,https://www.bls.gov/schedule/2026/home.htm,Consumer Price Index for May 2026
CPI,2026-07-14,Tue,BLS,https://www.bls.gov/schedule/2026/home.htm,Consumer Price Index for June 2026
CPI,2026-08-12,Wed,BLS,https://www.bls.gov/schedule/2026/home.htm,Consumer Price Index for July 2026
CPI,2026-09-11,Fri,BLS,https://www.bls.gov/schedule/2026/home.htm,Consumer Price Index for August 2026
CPI,2026-10-14,Wed,BLS,https://www.bls.gov/schedule/2026/home.htm,Consumer Price Index for September 2026
CPI,2026-11-10,Tue,BLS,https://www.bls.gov/schedule/2026/home.htm,Consumer Price Index for October 2026
CPI,2026-12-10,Thu,BLS,https://www.bls.gov/schedule/2026/home.htm,Consumer Price Index for November 2026
FOMC,2006-01-31,Tue,FRB_HISTORICAL,https://www.federalreserve.gov/monetarypolicy/fomchistorical2006.htm,FOMC statement
FOMC,2006-03-28,Tue,FRB_HISTORICAL,https://www.federalreserve.gov/monetarypolicy/fomchistorical2006.htm,FOMC statement
FOMC,2006-05-10,Wed,FRB_HISTORICAL,https://www.federalreserve.gov/monetarypolicy/fomchistorical2006.htm,FOMC statement
FOMC,2006-06-29,Thu,FRB_HISTORICAL,https://www.federalreserve.gov/monetarypolicy/fomchistorical2006.htm,FOMC statement
FOMC,2006-08-08,Tue,FRB_HISTORICAL,https://www.federalreserve.gov/monetarypolicy/fomchistorical2006.htm,FOMC statement
FOMC,2006-09-20,Wed,FRB_HISTORICAL,https://www.federalreserve.gov/monetarypolicy/fomchistorical2006.htm,FOMC statement
FOMC,2006-10-25,Wed,FRB_HISTORICAL,https://www.federalreserve.gov/monetarypolicy/fomchistorical2006.htm,FOMC statement
FOMC,2006-12-12,Tue,FRB_HISTORICAL,https://www.federalreserve.gov/monetarypolicy/fomchistorical2006.htm,FOMC statement
FOMC,2007-01-31,Wed,FRB_HISTORICAL,https://www.federalreserve.gov/monetarypolicy/fomchistorical2007.htm,FOMC statement
FOMC,2007-03-21,Wed,FRB_HISTORICAL,https://www.federalreserve.gov/monetarypolicy/fomchistorical2007.htm,FOMC statement
FOMC,2007-05-09,Wed,FRB_HISTORICAL,https://www.federalreserve.gov/monetarypolicy/fomchistorical2007.htm,FOMC statement
FOMC,2007-06-18,Mon,FRB_HISTORICAL,https://www.federalreserve.gov/monetarypolicy/fomchistorical2007.htm,FOMC statement
FOMC,2007-08-07,Tue,FRB_HISTORICAL,https://www.federalreserve.gov/monetarypolicy/fomchistorical2007.htm,FOMC statement
FOMC,2007-08-10,Fri,FRB_HISTORICAL,https://www.federalreserve.gov/monetarypolicy/fomchistorical2007.htm,FOMC statement
FOMC,2007-09-18,Tue,FRB_HISTORICAL,https://www.federalreserve.gov/monetarypolicy/fomchistorical2007.htm,FOMC statement
FOMC,2007-10-31,Wed,FRB_HISTORICAL,https://www.federalreserve.gov/monetarypolicy/fomchistorical2007.htm,FOMC statement
FOMC,2007-12-11,Tue,FRB_HISTORICAL,https://www.federalreserve.gov/monetarypolicy/fomchistorical2007.htm,FOMC statement
FOMC,2008-01-30,Wed,FRB_HISTORICAL,https://www.federalreserve.gov/monetarypolicy/fomchistorical2008.htm,FOMC statement
FOMC,2008-03-11,Tue,FRB_HISTORICAL,https://www.federalreserve.gov/monetarypolicy/fomchistorical2008.htm,FOMC statement
FOMC,2008-03-18,Tue,FRB_HISTORICAL,https://www.federalreserve.gov/monetarypolicy/fomchistorical2008.htm,FOMC statement
FOMC,2008-04-30,Wed,FRB_HISTORICAL,https://www.federalreserve.gov/monetarypolicy/fomchistorical2008.htm,FOMC statement
FOMC,2008-06-25,Wed,FRB_HISTORICAL,https://www.federalreserve.gov/monetarypolicy/fomchistorical2008.htm,FOMC statement
FOMC,2008-08-05,Tue,FRB_HISTORICAL,https://www.federalreserve.gov/monetarypolicy/fomchistorical2008.htm,FOMC statement
FOMC,2008-09-16,Tue,FRB_HISTORICAL,https://www.federalreserve.gov/monetarypolicy/fomchistorical2008.htm,FOMC statement
FOMC,2008-10-08,Wed,FRB_HISTORICAL,https://www.federalreserve.gov/monetarypolicy/fomchistorical2008.htm,FOMC statement
FOMC,2008-10-29,Wed,FRB_HISTORICAL,https://www.federalreserve.gov/monetarypolicy/fomchistorical2008.htm,FOMC statement
FOMC,2009-01-28,Wed,FRB_HISTORICAL,https://www.federalreserve.gov/monetarypolicy/fomchistorical2009.htm,FOMC statement
FOMC,2009-03-18,Wed,FRB_HISTORICAL,https://www.federalreserve.gov/monetarypolicy/fomchistorical2009.htm,FOMC statement
FOMC,2009-04-29,Wed,FRB_HISTORICAL,https://www.federalreserve.gov/monetarypolicy/fomchistorical2009.htm,FOMC statement
FOMC,2009-06-24,Wed,FRB_HISTORICAL,https://www.federalreserve.gov/monetarypolicy/fomchistorical2009.htm,FOMC statement
FOMC,2009-08-12,Wed,FRB_HISTORICAL,https://www.federalreserve.gov/monetarypolicy/fomchistorical2009.htm,FOMC statement
FOMC,2009-09-23,Wed,FRB_HISTORICAL,https://www.federalreserve.gov/monetarypolicy/fomchistorical2009.htm,FOMC statement
FOMC,2009-11-04,Wed,FRB_HISTORICAL,https://www.federalreserve.gov/monetarypolicy/fomchistorical2009.htm,FOMC statement
FOMC,2009-12-16,Wed,FRB_HISTORICAL,https://www.federalreserve.gov/monetarypolicy/fomchistorical2009.htm,FOMC statement
FOMC,2010-01-27,Wed,FRB_HISTORICAL,https://www.federalreserve.gov/monetarypolicy/fomchistorical2010.htm,FOMC statement
FOMC,2010-03-16,Tue,FRB_HISTORICAL,https://www.federalreserve.gov/monetarypolicy/fomchistorical2010.htm,FOMC statement
FOMC,2010-04-28,Wed,FRB_HISTORICAL,https://www.federalreserve.gov/monetarypolicy/fomchistorical2010.htm,FOMC statement
FOMC,2010-05-09,Sun,FRB_HISTORICAL,https://www.federalreserve.gov/monetarypolicy/fomchistorical2010.htm,FOMC statement
FOMC,2010-06-23,Wed,FRB_HISTORICAL,https://www.federalreserve.gov/monetarypolicy/fomchistorical2010.htm,FOMC statement
FOMC,2010-08-10,Tue,FRB_HISTORICAL,https://www.federalreserve.gov/monetarypolicy/fomchistorical2010.htm,FOMC statement
FOMC,2010-09-21,Tue,FRB_HISTORICAL,https://www.federalreserve.gov/monetarypolicy/fomchistorical2010.htm,FOMC statement
FOMC,2010-11-03,Wed,FRB_HISTORICAL,https://www.federalreserve.gov/monetarypolicy/fomchistorical2010.htm,FOMC statement
FOMC,2010-12-14,Tue,FRB_HISTORICAL,https://www.federalreserve.gov/monetarypolicy/fomchistorical2010.htm,FOMC statement
FOMC,2011-01-26,Wed,FRB_HISTORICAL,https://www.federalreserve.gov/monetarypolicy/fomchistorical2011.htm,FOMC statement
FOMC,2011-03-15,Tue,FRB_HISTORICAL,https://www.federalreserve.gov/monetarypolicy/fomchistorical2011.htm,FOMC statement
FOMC,2011-04-27,Wed,FRB_HISTORICAL,https://www.federalreserve.gov/monetarypolicy/fomchistorical2011.htm,FOMC statement
FOMC,2011-06-22,Wed,FRB_HISTORICAL,https://www.federalreserve.gov/monetarypolicy/fomchistorical2011.htm,FOMC statement
FOMC,2011-08-09,Tue,FRB_HISTORICAL,https://www.federalreserve.gov/monetarypolicy/fomchistorical2011.htm,FOMC statement
FOMC,2011-09-21,Wed,FRB_HISTORICAL,https://www.federalreserve.gov/monetarypolicy/fomchistorical2011.htm,FOMC statement
FOMC,2011-11-02,Wed,FRB_HISTORICAL,https://www.federalreserve.gov/monetarypolicy/fomchistorical2011.htm,FOMC statement
FOMC,2011-12-13,Tue,FRB_HISTORICAL,https://www.federalreserve.gov/monetarypolicy/fomchistorical2011.htm,FOMC statement
FOMC,2012-01-25,Wed,FRB_HISTORICAL,https://www.federalreserve.gov/monetarypolicy/fomchistorical2012.htm,FOMC statement
FOMC,2012-03-13,Tue,FRB_HISTORICAL,https://www.federalreserve.gov/monetarypolicy/fomchistorical2012.htm,FOMC statement
FOMC,2012-04-25,Wed,FRB_HISTORICAL,https://www.federalreserve.gov/monetarypolicy/fomchistorical2012.htm,FOMC statement
FOMC,2012-06-20,Wed,FRB_HISTORICAL,https://www.federalreserve.gov/monetarypolicy/fomchistorical2012.htm,FOMC statement
FOMC,2012-08-01,Wed,FRB_HISTORICAL,https://www.federalreserve.gov/monetarypolicy/fomchistorical2012.htm,FOMC statement
FOMC,2012-09-13,Thu,FRB_HISTORICAL,https://www.federalreserve.gov/monetarypolicy/fomchistorical2012.htm,FOMC statement
FOMC,2012-10-24,Wed,FRB_HISTORICAL,https://www.federalreserve.gov/monetarypolicy/fomchistorical2012.htm,FOMC statement
FOMC,2012-12-12,Wed,FRB_HISTORICAL,https://www.federalreserve.gov/monetarypolicy/fomchistorical2012.htm,FOMC statement
FOMC,2013-01-30,Wed,FRB_HISTORICAL,https://www.federalreserve.gov/monetarypolicy/fomchistorical2013.htm,FOMC statement
FOMC,2013-03-20,Wed,FRB_HISTORICAL,https://www.federalreserve.gov/monetarypolicy/fomchistorical2013.htm,FOMC statement
FOMC,2013-05-01,Wed,FRB_HISTORICAL,https://www.federalreserve.gov/monetarypolicy/fomchistorical2013.htm,FOMC statement
FOMC,2013-06-19,Wed,FRB_HISTORICAL,https://www.federalreserve.gov/monetarypolicy/fomchistorical2013.htm,FOMC statement
FOMC,2013-07-31,Wed,FRB_HISTORICAL,https://www.federalreserve.gov/monetarypolicy/fomchistorical2013.htm,FOMC statement
FOMC,2013-09-18,Wed,FRB_HISTORICAL,https://www.federalreserve.gov/monetarypolicy/fomchistorical2013.htm,FOMC statement
FOMC,2013-10-30,Wed,FRB_HISTORICAL,https://www.federalreserve.gov/monetarypolicy/fomchistorical2013.htm,FOMC statement
FOMC,2013-12-18,Wed,FRB_HISTORICAL,https://www.federalreserve.gov/monetarypolicy/fomchistorical2013.htm,FOMC statement
FOMC,2014-01-29,Wed,FRB_HISTORICAL,https://www.federalreserve.gov/monetarypolicy/fomchistorical2014.htm,FOMC statement
FOMC,2014-03-19,Wed,FRB_HISTORICAL,https://www.federalreserve.gov/monetarypolicy/fomchistorical2014.htm,FOMC statement
FOMC,2014-04-30,Wed,FRB_HISTORICAL,https://www.federalreserve.gov/monetarypolicy/fomchistorical2014.htm,FOMC statement
FOMC,2014-06-18,Wed,FRB_HISTORICAL,https://www.federalreserve.gov/monetarypolicy/fomchistorical2014.htm,FOMC statement
FOMC,2014-07-30,Wed,FRB_HISTORICAL,https://www.federalreserve.gov/monetarypolicy/fomchistorical2014.htm,FOMC statement
FOMC,2014-09-17,Wed,FRB_HISTORICAL,https://www.federalreserve.gov/monetarypolicy/fomchistorical2014.htm,FOMC statement
FOMC,2014-10-29,Wed,FRB_HISTORICAL,https://www.federalreserve.gov/monetarypolicy/fomchistorical2014.htm,FOMC statement
FOMC,2014-12-17,Wed,FRB_HISTORICAL,https://www.federalreserve.gov/monetarypolicy/fomchistorical2014.htm,FOMC statement
FOMC,2015-01-28,Wed,FRB_HISTORICAL,https://www.federalreserve.gov/monetarypolicy/fomchistorical2015.htm,FOMC statement
FOMC,2015-03-18,Wed,FRB_HISTORICAL,https://www.federalreserve.gov/monetarypolicy/fomchistorical2015.htm,FOMC statement
FOMC,2015-04-29,Wed,FRB_HISTORICAL,https://www.federalreserve.gov/monetarypolicy/fomchistorical2015.htm,FOMC statement
FOMC,2015-06-17,Wed,FRB_HISTORICAL,https://www.federalreserve.gov/monetarypolicy/fomchistorical2015.htm,FOMC statement
FOMC,2015-07-29,Wed,FRB_HISTORICAL,https://www.federalreserve.gov/monetarypolicy/fomchistorical2015.htm,FOMC statement
FOMC,2015-09-17,Thu,FRB_HISTORICAL,https://www.federalreserve.gov/monetarypolicy/fomchistorical2015.htm,FOMC statement
FOMC,2015-10-28,Wed,FRB_HISTORICAL,https://www.federalreserve.gov/monetarypolicy/fomchistorical2015.htm,FOMC statement
FOMC,2015-12-16,Wed,FRB_HISTORICAL,https://www.federalreserve.gov/monetarypolicy/fomchistorical2015.htm,FOMC statement
FOMC,2016-01-27,Wed,FRB_HISTORICAL,https://www.federalreserve.gov/monetarypolicy/fomchistorical2016.htm,FOMC statement
FOMC,2016-03-16,Wed,FRB_HISTORICAL,https://www.federalreserve.gov/monetarypolicy/fomchistorical2016.htm,FOMC statement
FOMC,2016-04-27,Wed,FRB_HISTORICAL,https://www.federalreserve.gov/monetarypolicy/fomchistorical2016.htm,FOMC statement
FOMC,2016-06-15,Wed,FRB_HISTORICAL,https://www.federalreserve.gov/monetarypolicy/fomchistorical2016.htm,FOMC statement
FOMC,2016-07-27,Wed,FRB_HISTORICAL,https://www.federalreserve.gov/monetarypolicy/fomchistorical2016.htm,FOMC statement
FOMC,2016-09-21,Wed,FRB_HISTORICAL,https://www.federalreserve.gov/monetarypolicy/fomchistorical2016.htm,FOMC statement
FOMC,2016-11-02,Wed,FRB_HISTORICAL,https://www.federalreserve.gov/monetarypolicy/fomchistorical2016.htm,FOMC statement
FOMC,2016-12-14,Wed,FRB_HISTORICAL,https://www.federalreserve.gov/monetarypolicy/fomchistorical2016.htm,FOMC statement
FOMC,2017-02-01,Wed,FRB_HISTORICAL,https://www.federalreserve.gov/monetarypolicy/fomchistorical2017.htm,FOMC statement
FOMC,2017-03-15,Wed,FRB_HISTORICAL,https://www.federalreserve.gov/monetarypolicy/fomchistorical2017.htm,FOMC statement
FOMC,2017-05-03,Wed,FRB_HISTORICAL,https://www.federalreserve.gov/monetarypolicy/fomchistorical2017.htm,FOMC statement
FOMC,2017-06-14,Wed,FRB_HISTORICAL,https://www.federalreserve.gov/monetarypolicy/fomchistorical2017.htm,FOMC statement
FOMC,2017-07-26,Wed,FRB_HISTORICAL,https://www.federalreserve.gov/monetarypolicy/fomchistorical2017.htm,FOMC statement
FOMC,2017-09-20,Wed,FRB_HISTORICAL,https://www.federalreserve.gov/monetarypolicy/fomchistorical2017.htm,FOMC statement
FOMC,2017-11-01,Wed,FRB_HISTORICAL,https://www.federalreserve.gov/monetarypolicy/fomchistorical2017.htm,FOMC statement
FOMC,2017-12-13,Wed,FRB_HISTORICAL,https://www.federalreserve.gov/monetarypolicy/fomchistorical2017.htm,FOMC statement
FOMC,2018-01-31,Wed,FRB_HISTORICAL,https://www.federalreserve.gov/monetarypolicy/fomchistorical2018.htm,FOMC statement
FOMC,2018-03-21,Wed,FRB_HISTORICAL,https://www.federalreserve.gov/monetarypolicy/fomchistorical2018.htm,FOMC statement
FOMC,2018-05-02,Wed,FRB_HISTORICAL,https://www.federalreserve.gov/monetarypolicy/fomchistorical2018.htm,FOMC statement
FOMC,2018-06-13,Wed,FRB_HISTORICAL,https://www.federalreserve.gov/monetarypolicy/fomchistorical2018.htm,FOMC statement
FOMC,2018-08-01,Wed,FRB_HISTORICAL,https://www.federalreserve.gov/monetarypolicy/fomchistorical2018.htm,FOMC statement
FOMC,2018-09-26,Wed,FRB_HISTORICAL,https://www.federalreserve.gov/monetarypolicy/fomchistorical2018.htm,FOMC statement
FOMC,2018-11-08,Thu,FRB_HISTORICAL,https://www.federalreserve.gov/monetarypolicy/fomchistorical2018.htm,FOMC statement
FOMC,2018-12-19,Wed,FRB_HISTORICAL,https://www.federalreserve.gov/monetarypolicy/fomchistorical2018.htm,FOMC statement
FOMC,2019-01-30,Wed,FRB_HISTORICAL,https://www.federalreserve.gov/monetarypolicy/fomchistorical2019.htm,FOMC statement
FOMC,2019-03-20,Wed,FRB_HISTORICAL,https://www.federalreserve.gov/monetarypolicy/fomchistorical2019.htm,FOMC statement
FOMC,2019-05-01,Wed,FRB_HISTORICAL,https://www.federalreserve.gov/monetarypolicy/fomchistorical2019.htm,FOMC statement
FOMC,2019-06-19,Wed,FRB_HISTORICAL,https://www.federalreserve.gov/monetarypolicy/fomchistorical2019.htm,FOMC statement
FOMC,2019-07-31,Wed,FRB_HISTORICAL,https://www.federalreserve.gov/monetarypolicy/fomchistorical2019.htm,FOMC statement
FOMC,2019-09-18,Wed,FRB_HISTORICAL,https://www.federalreserve.gov/monetarypolicy/fomchistorical2019.htm,FOMC statement
FOMC,2019-10-11,Fri,FRB_HISTORICAL,https://www.federalreserve.gov/monetarypolicy/fomchistorical2019.htm,FOMC statement
FOMC,2019-10-30,Wed,FRB_HISTORICAL,https://www.federalreserve.gov/monetarypolicy/fomchistorical2019.htm,FOMC statement
FOMC,2019-12-11,Wed,FRB_HISTORICAL,https://www.federalreserve.gov/monetarypolicy/fomchistorical2019.htm,FOMC statement
FOMC,2020-01-29,Wed,FRB_HISTORICAL,https://www.federalreserve.gov/monetarypolicy/fomchistorical2020.htm,FOMC statement
FOMC,2020-03-03,Tue,FRB_HISTORICAL,https://www.federalreserve.gov/monetarypolicy/fomchistorical2020.htm,FOMC statement
FOMC,2020-03-15,Sun,FRB_HISTORICAL,https://www.federalreserve.gov/monetarypolicy/fomchistorical2020.htm,FOMC statement
FOMC,2020-03-23,Mon,FRB_HISTORICAL,https://www.federalreserve.gov/monetarypolicy/fomchistorical2020.htm,FOMC statement
FOMC,2020-04-29,Wed,FRB_HISTORICAL,https://www.federalreserve.gov/monetarypolicy/fomchistorical2020.htm,FOMC statement
FOMC,2020-06-10,Wed,FRB_HISTORICAL,https://www.federalreserve.gov/monetarypolicy/fomchistorical2020.htm,FOMC statement
FOMC,2020-07-29,Wed,FRB_HISTORICAL,https://www.federalreserve.gov/monetarypolicy/fomchistorical2020.htm,FOMC statement
FOMC,2020-09-16,Wed,FRB_HISTORICAL,https://www.federalreserve.gov/monetarypolicy/fomchistorical2020.htm,FOMC statement
FOMC,2020-11-05,Thu,FRB_HISTORICAL,https://www.federalreserve.gov/monetarypolicy/fomchistorical2020.htm,FOMC statement
FOMC,2020-12-16,Wed,FRB_HISTORICAL,https://www.federalreserve.gov/monetarypolicy/fomchistorical2020.htm,FOMC statement
FOMC,2021-01-27,Wed,FRB_CALENDARS,https://www.federalreserve.gov/monetarypolicy/fomccalendars.htm,FOMC statement
FOMC,2021-03-17,Wed,FRB_CALENDARS,https://www.federalreserve.gov/monetarypolicy/fomccalendars.htm,FOMC statement
FOMC,2021-04-28,Wed,FRB_CALENDARS,https://www.federalreserve.gov/monetarypolicy/fomccalendars.htm,FOMC statement
FOMC,2021-06-16,Wed,FRB_CALENDARS,https://www.federalreserve.gov/monetarypolicy/fomccalendars.htm,FOMC statement
FOMC,2021-07-28,Wed,FRB_CALENDARS,https://www.federalreserve.gov/monetarypolicy/fomccalendars.htm,FOMC statement
FOMC,2021-09-22,Wed,FRB_CALENDARS,https://www.federalreserve.gov/monetarypolicy/fomccalendars.htm,FOMC statement
FOMC,2021-11-03,Wed,FRB_CALENDARS,https://www.federalreserve.gov/monetarypolicy/fomccalendars.htm,FOMC statement
FOMC,2021-12-15,Wed,FRB_CALENDARS,https://www.federalreserve.gov/monetarypolicy/fomccalendars.htm,FOMC statement
FOMC,2022-01-26,Wed,FRB_CALENDARS,https://www.federalreserve.gov/monetarypolicy/fomccalendars.htm,FOMC statement
FOMC,2022-03-16,Wed,FRB_CALENDARS,https://www.federalreserve.gov/monetarypolicy/fomccalendars.htm,FOMC statement
FOMC,2022-05-04,Wed,FRB_CALENDARS,https://www.federalreserve.gov/monetarypolicy/fomccalendars.htm,FOMC statement
FOMC,2022-06-15,Wed,FRB_CALENDARS,https://www.federalreserve.gov/monetarypolicy/fomccalendars.htm,FOMC statement
FOMC,2022-07-27,Wed,FRB_CALENDARS,https://www.federalreserve.gov/monetarypolicy/fomccalendars.htm,FOMC statement
FOMC,2022-09-21,Wed,FRB_CALENDARS,https://www.federalreserve.gov/monetarypolicy/fomccalendars.htm,FOMC statement
FOMC,2022-11-02,Wed,FRB_CALENDARS,https://www.federalreserve.gov/monetarypolicy/fomccalendars.htm,FOMC statement
FOMC,2022-12-14,Wed,FRB_CALENDARS,https://www.federalreserve.gov/monetarypolicy/fomccalendars.htm,FOMC statement
FOMC,2023-02-01,Wed,FRB_CALENDARS,https://www.federalreserve.gov/monetarypolicy/fomccalendars.htm,FOMC statement
FOMC,2023-03-22,Wed,FRB_CALENDARS,https://www.federalreserve.gov/monetarypolicy/fomccalendars.htm,FOMC statement
FOMC,2023-05-03,Wed,FRB_CALENDARS,https://www.federalreserve.gov/monetarypolicy/fomccalendars.htm,FOMC statement
FOMC,2023-06-14,Wed,FRB_CALENDARS,https://www.federalreserve.gov/monetarypolicy/fomccalendars.htm,FOMC statement
FOMC,2023-07-26,Wed,FRB_CALENDARS,https://www.federalreserve.gov/monetarypolicy/fomccalendars.htm,FOMC statement
FOMC,2023-09-20,Wed,FRB_CALENDARS,https://www.federalreserve.gov/monetarypolicy/fomccalendars.htm,FOMC statement
FOMC,2023-11-01,Wed,FRB_CALENDARS,https://www.federalreserve.gov/monetarypolicy/fomccalendars.htm,FOMC statement
FOMC,2023-12-13,Wed,FRB_CALENDARS,https://www.federalreserve.gov/monetarypolicy/fomccalendars.htm,FOMC statement
FOMC,2024-01-31,Wed,FRB_CALENDARS,https://www.federalreserve.gov/monetarypolicy/fomccalendars.htm,FOMC statement
FOMC,2024-03-20,Wed,FRB_CALENDARS,https://www.federalreserve.gov/monetarypolicy/fomccalendars.htm,FOMC statement
FOMC,2024-05-01,Wed,FRB_CALENDARS,https://www.federalreserve.gov/monetarypolicy/fomccalendars.htm,FOMC statement
FOMC,2024-06-12,Wed,FRB_CALENDARS,https://www.federalreserve.gov/monetarypolicy/fomccalendars.htm,FOMC statement
FOMC,2024-07-31,Wed,FRB_CALENDARS,https://www.federalreserve.gov/monetarypolicy/fomccalendars.htm,FOMC statement
FOMC,2024-09-18,Wed,FRB_CALENDARS,https://www.federalreserve.gov/monetarypolicy/fomccalendars.htm,FOMC statement
FOMC,2024-11-07,Thu,FRB_CALENDARS,https://www.federalreserve.gov/monetarypolicy/fomccalendars.htm,FOMC statement
FOMC,2024-12-18,Wed,FRB_CALENDARS,https://www.federalreserve.gov/monetarypolicy/fomccalendars.htm,FOMC statement
FOMC,2025-01-29,Wed,FRB_CALENDARS,https://www.federalreserve.gov/monetarypolicy/fomccalendars.htm,FOMC statement
FOMC,2025-03-19,Wed,FRB_CALENDARS,https://www.federalreserve.gov/monetarypolicy/fomccalendars.htm,FOMC statement
FOMC,2025-05-07,Wed,FRB_CALENDARS,https://www.federalreserve.gov/monetarypolicy/fomccalendars.htm,FOMC statement
FOMC,2025-06-18,Wed,FRB_CALENDARS,https://www.federalreserve.gov/monetarypolicy/fomccalendars.htm,FOMC statement
FOMC,2025-07-30,Wed,FRB_CALENDARS,https://www.federalreserve.gov/monetarypolicy/fomccalendars.htm,FOMC statement
FOMC,2025-09-17,Wed,FRB_CALENDARS,https://www.federalreserve.gov/monetarypolicy/fomccalendars.htm,FOMC statement
FOMC,2025-10-29,Wed,FRB_CALENDARS,https://www.federalreserve.gov/monetarypolicy/fomccalendars.htm,FOMC statement
FOMC,2025-12-10,Wed,FRB_CALENDARS,https://www.federalreserve.gov/monetarypolicy/fomccalendars.htm,FOMC statement
FOMC,2026-01-28,Wed,FRB_CALENDARS,https://www.federalreserve.gov/monetarypolicy/fomccalendars.htm,FOMC statement
FOMC,2026-03-18,Wed,FRB_CALENDARS,https://www.federalreserve.gov/monetarypolicy/fomccalendars.htm,FOMC statement
FOMC,2026-04-29,Wed,FRB_CALENDARS,https://www.federalreserve.gov/monetarypolicy/fomccalendars.htm,FOMC statement
FOMC,2026-06-17,Wed,FRB_CALENDARS,https://www.federalreserve.gov/monetarypolicy/fomccalendars.htm,FOMC statement
FOMC,2026-07-29,Wed,FRB_CALENDARS,https://www.federalreserve.gov/monetarypolicy/fomccalendars.htm,FOMC statement
NFP,2006-01-06,Fri,BLS_PDF,https://www.bls.gov/bls/bls2006sched.pdf,The Employment Situation (BLS 2006 annual schedule)
NFP,2006-02-03,Fri,BLS_PDF,https://www.bls.gov/bls/bls2006sched.pdf,The Employment Situation (BLS 2006 annual schedule)
NFP,2006-03-10,Fri,BLS_PDF,https://www.bls.gov/bls/bls2006sched.pdf,The Employment Situation (BLS 2006 annual schedule)
NFP,2006-04-07,Fri,BLS_PDF,https://www.bls.gov/bls/bls2006sched.pdf,The Employment Situation (BLS 2006 annual schedule)
NFP,2006-05-05,Fri,BLS_PDF,https://www.bls.gov/bls/bls2006sched.pdf,The Employment Situation (BLS 2006 annual schedule)
NFP,2006-06-02,Fri,BLS_PDF,https://www.bls.gov/bls/bls2006sched.pdf,The Employment Situation (BLS 2006 annual schedule)
NFP,2006-07-07,Fri,BLS_PDF,https://www.bls.gov/bls/bls2006sched.pdf,The Employment Situation (BLS 2006 annual schedule)
NFP,2006-08-04,Fri,BLS_PDF,https://www.bls.gov/bls/bls2006sched.pdf,The Employment Situation (BLS 2006 annual schedule)
NFP,2006-09-01,Fri,BLS_PDF,https://www.bls.gov/bls/bls2006sched.pdf,The Employment Situation (BLS 2006 annual schedule)
NFP,2006-10-06,Fri,BLS_PDF,https://www.bls.gov/bls/bls2006sched.pdf,The Employment Situation (BLS 2006 annual schedule)
NFP,2006-11-03,Fri,BLS_PDF,https://www.bls.gov/bls/bls2006sched.pdf,The Employment Situation (BLS 2006 annual schedule)
NFP,2006-12-08,Fri,BLS_PDF,https://www.bls.gov/bls/bls2006sched.pdf,The Employment Situation (BLS 2006 annual schedule)
NFP,2007-01-05,Fri,BLS_PDF,https://www.bls.gov/bls/bls2006sched.pdf,The Employment Situation (BLS 2006 annual schedule)
NFP,2007-02-02,Fri,BLS_PDF,https://www.bls.gov/bls/bls2007sched.pdf,The Employment Situation (BLS 2007 annual schedule)
NFP,2007-03-09,Fri,BLS_PDF,https://www.bls.gov/bls/bls2007sched.pdf,The Employment Situation (BLS 2007 annual schedule)
NFP,2007-04-06,Fri,BLS_PDF,https://www.bls.gov/bls/bls2007sched.pdf,The Employment Situation (BLS 2007 annual schedule)
NFP,2007-05-04,Fri,BLS_PDF,https://www.bls.gov/bls/bls2007sched.pdf,The Employment Situation (BLS 2007 annual schedule)
NFP,2007-06-01,Fri,BLS_PDF,https://www.bls.gov/bls/bls2007sched.pdf,The Employment Situation (BLS 2007 annual schedule)
NFP,2007-07-06,Fri,BLS_PDF,https://www.bls.gov/bls/bls2007sched.pdf,The Employment Situation (BLS 2007 annual schedule)
NFP,2007-08-03,Fri,BLS_PDF,https://www.bls.gov/bls/bls2007sched.pdf,The Employment Situation (BLS 2007 annual schedule)
NFP,2007-09-07,Fri,BLS_PDF,https://www.bls.gov/bls/bls2007sched.pdf,The Employment Situation (BLS 2007 annual schedule)
NFP,2007-10-05,Fri,BLS_PDF,https://www.bls.gov/bls/bls2007sched.pdf,The Employment Situation (BLS 2007 annual schedule)
NFP,2007-11-02,Fri,BLS_PDF,https://www.bls.gov/bls/bls2007sched.pdf,The Employment Situation (BLS 2007 annual schedule)
NFP,2007-12-07,Fri,BLS_PDF,https://www.bls.gov/bls/bls2007sched.pdf,The Employment Situation (BLS 2007 annual schedule)
NFP,2008-01-04,Fri,BLS,https://www.bls.gov/schedule/2008/home.htm,Employment Situation for December 2007
NFP,2008-02-01,Fri,BLS,https://www.bls.gov/schedule/2008/home.htm,Employment Situation for January 2008
NFP,2008-03-07,Fri,BLS,https://www.bls.gov/schedule/2008/home.htm,Employment Situation for February 2008
NFP,2008-04-04,Fri,BLS,https://www.bls.gov/schedule/2008/home.htm,Employment Situation for March 2008
NFP,2008-05-02,Fri,BLS,https://www.bls.gov/schedule/2008/home.htm,Employment Situation for April 2008
NFP,2008-06-06,Fri,BLS,https://www.bls.gov/schedule/2008/home.htm,Employment Situation for May 2008
NFP,2008-07-03,Thu,BLS,https://www.bls.gov/schedule/2008/home.htm,Employment Situation for June 2008
NFP,2008-08-01,Fri,BLS,https://www.bls.gov/schedule/2008/home.htm,Employment Situation for July 2008
NFP,2008-09-05,Fri,BLS,https://www.bls.gov/schedule/2008/home.htm,Employment Situation for August 2008
NFP,2008-10-03,Fri,BLS,https://www.bls.gov/schedule/2008/home.htm,Employment Situation for September 2008
NFP,2008-11-07,Fri,BLS,https://www.bls.gov/schedule/2008/home.htm,Employment Situation for October 2008
NFP,2008-12-05,Fri,BLS,https://www.bls.gov/schedule/2008/home.htm,Employment Situation for November 2008
NFP,2009-01-09,Fri,BLS,https://www.bls.gov/schedule/2009/home.htm,Employment Situation for December 2008
NFP,2009-02-06,Fri,BLS,https://www.bls.gov/schedule/2009/home.htm,Employment Situation for January 2009
NFP,2009-03-06,Fri,BLS,https://www.bls.gov/schedule/2009/home.htm,Employment Situation for February 2009
NFP,2009-04-03,Fri,BLS,https://www.bls.gov/schedule/2009/home.htm,Employment Situation for March 2009
NFP,2009-05-08,Fri,BLS,https://www.bls.gov/schedule/2009/home.htm,Employment Situation for April 2009
NFP,2009-06-05,Fri,BLS,https://www.bls.gov/schedule/2009/home.htm,Employment Situation for May 2009
NFP,2009-07-02,Thu,BLS,https://www.bls.gov/schedule/2009/home.htm,Employment Situation for June 2009
NFP,2009-08-07,Fri,BLS,https://www.bls.gov/schedule/2009/home.htm,Employment Situation for July 2009
NFP,2009-09-04,Fri,BLS,https://www.bls.gov/schedule/2009/home.htm,Employment Situation for August 2009
NFP,2009-10-02,Fri,BLS,https://www.bls.gov/schedule/2009/home.htm,Employment Situation for September 2009
NFP,2009-11-06,Fri,BLS,https://www.bls.gov/schedule/2009/home.htm,Employment Situation for October 2009
NFP,2009-12-04,Fri,BLS,https://www.bls.gov/schedule/2009/home.htm,Employment Situation for November 2009
NFP,2010-01-08,Fri,BLS,https://www.bls.gov/schedule/2010/home.htm,Employment Situation for December 2009
NFP,2010-02-05,Fri,BLS,https://www.bls.gov/schedule/2010/home.htm,Employment Situation for January 2010
NFP,2010-03-05,Fri,BLS,https://www.bls.gov/schedule/2010/home.htm,Employment Situation for February 2010
NFP,2010-04-02,Fri,BLS,https://www.bls.gov/schedule/2010/home.htm,Employment Situation for March 2010
NFP,2010-05-07,Fri,BLS,https://www.bls.gov/schedule/2010/home.htm,Employment Situation for April 2010
NFP,2010-06-04,Fri,BLS,https://www.bls.gov/schedule/2010/home.htm,Employment Situation for May 2010
NFP,2010-07-02,Fri,BLS,https://www.bls.gov/schedule/2010/home.htm,Employment Situation for June 2010
NFP,2010-08-06,Fri,BLS,https://www.bls.gov/schedule/2010/home.htm,Employment Situation for July 2010
NFP,2010-09-03,Fri,BLS,https://www.bls.gov/schedule/2010/home.htm,Employment Situation for August 2010
NFP,2010-10-08,Fri,BLS,https://www.bls.gov/schedule/2010/home.htm,Employment Situation for September 2010
NFP,2010-11-05,Fri,BLS,https://www.bls.gov/schedule/2010/home.htm,Employment Situation for October 2010
NFP,2010-12-03,Fri,BLS,https://www.bls.gov/schedule/2010/home.htm,Employment Situation for November 2010
NFP,2011-01-07,Fri,BLS,https://www.bls.gov/schedule/2011/home.htm,Employment Situation for December 2010
NFP,2011-02-04,Fri,BLS,https://www.bls.gov/schedule/2011/home.htm,Employment Situation for January 2011
NFP,2011-03-04,Fri,BLS,https://www.bls.gov/schedule/2011/home.htm,Employment Situation for February 2011
NFP,2011-04-01,Fri,BLS,https://www.bls.gov/schedule/2011/home.htm,Employment Situation for March 2011
NFP,2011-05-06,Fri,BLS,https://www.bls.gov/schedule/2011/home.htm,Employment Situation for April 2011
NFP,2011-06-03,Fri,BLS,https://www.bls.gov/schedule/2011/home.htm,Employment Situation for May 2011
NFP,2011-07-08,Fri,BLS,https://www.bls.gov/schedule/2011/home.htm,Employment Situation for June 2011
NFP,2011-08-05,Fri,BLS,https://www.bls.gov/schedule/2011/home.htm,Employment Situation for July 2011
NFP,2011-09-02,Fri,BLS,https://www.bls.gov/schedule/2011/home.htm,Employment Situation for August 2011
NFP,2011-10-07,Fri,BLS,https://www.bls.gov/schedule/2011/home.htm,Employment Situation for September 2011
NFP,2011-11-04,Fri,BLS,https://www.bls.gov/schedule/2011/home.htm,Employment Situation for October 2011
NFP,2011-12-02,Fri,BLS,https://www.bls.gov/schedule/2011/home.htm,Employment Situation for November 2011
NFP,2012-01-06,Fri,BLS,https://www.bls.gov/schedule/2012/home.htm,Employment Situation for December 2011
NFP,2012-02-03,Fri,BLS,https://www.bls.gov/schedule/2012/home.htm,Employment Situation for January 2012
NFP,2012-03-09,Fri,BLS,https://www.bls.gov/schedule/2012/home.htm,Employment Situation for February 2012
NFP,2012-04-06,Fri,BLS,https://www.bls.gov/schedule/2012/home.htm,Employment Situation for March 2012
NFP,2012-05-04,Fri,BLS,https://www.bls.gov/schedule/2012/home.htm,Employment Situation for April 2012
NFP,2012-06-01,Fri,BLS,https://www.bls.gov/schedule/2012/home.htm,Employment Situation for May 2012
NFP,2012-07-06,Fri,BLS,https://www.bls.gov/schedule/2012/home.htm,Employment Situation for June 2012
NFP,2012-08-03,Fri,BLS,https://www.bls.gov/schedule/2012/home.htm,Employment Situation for July 2012
NFP,2012-09-07,Fri,BLS,https://www.bls.gov/schedule/2012/home.htm,Employment Situation for August 2012
NFP,2012-10-05,Fri,BLS,https://www.bls.gov/schedule/2012/home.htm,Employment Situation for September 2012
NFP,2012-11-02,Fri,BLS,https://www.bls.gov/schedule/2012/home.htm,Employment Situation for October 2012
NFP,2012-12-07,Fri,BLS,https://www.bls.gov/schedule/2012/home.htm,Employment Situation for November 2012
NFP,2013-01-04,Fri,BLS,https://www.bls.gov/schedule/2013/home.htm,Employment Situation for December 2012
NFP,2013-02-01,Fri,BLS,https://www.bls.gov/schedule/2013/home.htm,Employment Situation for January 2013
NFP,2013-03-08,Fri,BLS,https://www.bls.gov/schedule/2013/home.htm,Employment Situation for February 2013
NFP,2013-04-05,Fri,BLS,https://www.bls.gov/schedule/2013/home.htm,Employment Situation for March 2013
NFP,2013-05-03,Fri,BLS,https://www.bls.gov/schedule/2013/home.htm,Employment Situation for April 2013
NFP,2013-06-07,Fri,BLS,https://www.bls.gov/schedule/2013/home.htm,Employment Situation for May 2013
NFP,2013-07-05,Fri,BLS,https://www.bls.gov/schedule/2013/home.htm,Employment Situation for June 2013
NFP,2013-08-02,Fri,BLS,https://www.bls.gov/schedule/2013/home.htm,Employment Situation for July 2013
NFP,2013-09-06,Fri,BLS,https://www.bls.gov/schedule/2013/home.htm,Employment Situation for August 2013
NFP,2013-10-22,Tue,BLS,https://www.bls.gov/schedule/2013/home.htm,Employment Situation for September 2013
NFP,2013-11-08,Fri,BLS,https://www.bls.gov/schedule/2013/home.htm,Employment Situation for October 2013
NFP,2013-12-06,Fri,BLS,https://www.bls.gov/schedule/2013/home.htm,Employment Situation for November 2013
NFP,2014-01-10,Fri,BLS,https://www.bls.gov/schedule/2014/home.htm,Employment Situation for December 2013
NFP,2014-02-07,Fri,BLS,https://www.bls.gov/schedule/2014/home.htm,Employment Situation for January 2014
NFP,2014-03-07,Fri,BLS,https://www.bls.gov/schedule/2014/home.htm,Employment Situation for February 2014
NFP,2014-04-04,Fri,BLS,https://www.bls.gov/schedule/2014/home.htm,Employment Situation for March 2014
NFP,2014-05-02,Fri,BLS,https://www.bls.gov/schedule/2014/home.htm,Employment Situation for April 2014
NFP,2014-06-06,Fri,BLS,https://www.bls.gov/schedule/2014/home.htm,Employment Situation for May 2014
NFP,2014-07-03,Thu,BLS,https://www.bls.gov/schedule/2014/home.htm,Employment Situation for June 2014
NFP,2014-08-01,Fri,BLS,https://www.bls.gov/schedule/2014/home.htm,Employment Situation for July 2014
NFP,2014-09-05,Fri,BLS,https://www.bls.gov/schedule/2014/home.htm,Employment Situation for August 2014
NFP,2014-10-03,Fri,BLS,https://www.bls.gov/schedule/2014/home.htm,Employment Situation for September 2014
NFP,2014-11-07,Fri,BLS,https://www.bls.gov/schedule/2014/home.htm,Employment Situation for October 2014
NFP,2014-12-05,Fri,BLS,https://www.bls.gov/schedule/2014/home.htm,Employment Situation for November 2014
NFP,2015-01-09,Fri,BLS,https://www.bls.gov/schedule/2015/home.htm,Employment Situation for December 2014
NFP,2015-02-06,Fri,BLS,https://www.bls.gov/schedule/2015/home.htm,Employment Situation for January 2015
NFP,2015-03-06,Fri,BLS,https://www.bls.gov/schedule/2015/home.htm,Employment Situation for February 2015
NFP,2015-04-03,Fri,BLS,https://www.bls.gov/schedule/2015/home.htm,Employment Situation for March 2015
NFP,2015-05-08,Fri,BLS,https://www.bls.gov/schedule/2015/home.htm,Employment Situation for April 2015
NFP,2015-06-05,Fri,BLS,https://www.bls.gov/schedule/2015/home.htm,Employment Situation for May 2015
NFP,2015-07-02,Thu,BLS,https://www.bls.gov/schedule/2015/home.htm,Employment Situation for June 2015
NFP,2015-08-07,Fri,BLS,https://www.bls.gov/schedule/2015/home.htm,Employment Situation for July 2015
NFP,2015-09-04,Fri,BLS,https://www.bls.gov/schedule/2015/home.htm,Employment Situation for August 2015
NFP,2015-10-02,Fri,BLS,https://www.bls.gov/schedule/2015/home.htm,Employment Situation for September 2015
NFP,2015-11-06,Fri,BLS,https://www.bls.gov/schedule/2015/home.htm,Employment Situation for October 2015
NFP,2015-12-04,Fri,BLS,https://www.bls.gov/schedule/2015/home.htm,Employment Situation for November 2015
NFP,2016-01-08,Fri,BLS,https://www.bls.gov/schedule/2016/home.htm,Employment Situation for December 2015
NFP,2016-02-05,Fri,BLS,https://www.bls.gov/schedule/2016/home.htm,Employment Situation for January 2016
NFP,2016-03-04,Fri,BLS,https://www.bls.gov/schedule/2016/home.htm,Employment Situation for February 2016
NFP,2016-04-01,Fri,BLS,https://www.bls.gov/schedule/2016/home.htm,Employment Situation for March 2016
NFP,2016-05-06,Fri,BLS,https://www.bls.gov/schedule/2016/home.htm,Employment Situation for April 2016
NFP,2016-06-03,Fri,BLS,https://www.bls.gov/schedule/2016/home.htm,Employment Situation for May 2016
NFP,2016-07-08,Fri,BLS,https://www.bls.gov/schedule/2016/home.htm,Employment Situation for June 2016
NFP,2016-08-05,Fri,BLS,https://www.bls.gov/schedule/2016/home.htm,Employment Situation for July 2016
NFP,2016-09-02,Fri,BLS,https://www.bls.gov/schedule/2016/home.htm,Employment Situation for August 2016
NFP,2016-10-07,Fri,BLS,https://www.bls.gov/schedule/2016/home.htm,Employment Situation for September 2016
NFP,2016-11-04,Fri,BLS,https://www.bls.gov/schedule/2016/home.htm,Employment Situation for October 2016
NFP,2016-12-02,Fri,BLS,https://www.bls.gov/schedule/2016/home.htm,Employment Situation for November 2016
NFP,2017-01-06,Fri,BLS,https://www.bls.gov/schedule/2017/home.htm,Employment Situation for December 2016
NFP,2017-02-03,Fri,BLS,https://www.bls.gov/schedule/2017/home.htm,Employment Situation for January 2017
NFP,2017-03-10,Fri,BLS,https://www.bls.gov/schedule/2017/home.htm,Employment Situation for February 2017
NFP,2017-04-07,Fri,BLS,https://www.bls.gov/schedule/2017/home.htm,Employment Situation for March 2017
NFP,2017-05-05,Fri,BLS,https://www.bls.gov/schedule/2017/home.htm,Employment Situation for April 2017
NFP,2017-06-02,Fri,BLS,https://www.bls.gov/schedule/2017/home.htm,Employment Situation for May 2017
NFP,2017-07-07,Fri,BLS,https://www.bls.gov/schedule/2017/home.htm,Employment Situation for June 2017
NFP,2017-08-04,Fri,BLS,https://www.bls.gov/schedule/2017/home.htm,Employment Situation for July 2017
NFP,2017-09-01,Fri,BLS,https://www.bls.gov/schedule/2017/home.htm,Employment Situation for August 2017
NFP,2017-10-06,Fri,BLS,https://www.bls.gov/schedule/2017/home.htm,Employment Situation for September 2017
NFP,2017-11-03,Fri,BLS,https://www.bls.gov/schedule/2017/home.htm,Employment Situation for October 2017
NFP,2017-12-08,Fri,BLS,https://www.bls.gov/schedule/2017/home.htm,Employment Situation for November 2017
NFP,2018-01-05,Fri,BLS,https://www.bls.gov/schedule/2018/home.htm,Employment Situation for December 2017
NFP,2018-02-02,Fri,BLS,https://www.bls.gov/schedule/2018/home.htm,Employment Situation for January 2018
NFP,2018-03-09,Fri,BLS,https://www.bls.gov/schedule/2018/home.htm,Employment Situation for February 2018
NFP,2018-04-06,Fri,BLS,https://www.bls.gov/schedule/2018/home.htm,Employment Situation for March 2018
NFP,2018-05-04,Fri,BLS,https://www.bls.gov/schedule/2018/home.htm,Employment Situation for April 2018
NFP,2018-06-01,Fri,BLS,https://www.bls.gov/schedule/2018/home.htm,Employment Situation for May 2018
NFP,2018-07-06,Fri,BLS,https://www.bls.gov/schedule/2018/home.htm,Employment Situation for June 2018
NFP,2018-08-03,Fri,BLS,https://www.bls.gov/schedule/2018/home.htm,Employment Situation for July 2018
NFP,2018-09-07,Fri,BLS,https://www.bls.gov/schedule/2018/home.htm,Employment Situation for August 2018
NFP,2018-10-05,Fri,BLS,https://www.bls.gov/schedule/2018/home.htm,Employment Situation for September 2018
NFP,2018-11-02,Fri,BLS,https://www.bls.gov/schedule/2018/home.htm,Employment Situation for October 2018
NFP,2018-12-07,Fri,BLS,https://www.bls.gov/schedule/2018/home.htm,Employment Situation for November 2018
NFP,2019-01-04,Fri,BLS,https://www.bls.gov/schedule/2019/home.htm,Employment Situation for December 2018
NFP,2019-02-01,Fri,BLS,https://www.bls.gov/schedule/2019/home.htm,Employment Situation for January 2019
NFP,2019-03-08,Fri,BLS,https://www.bls.gov/schedule/2019/home.htm,Employment Situation for February 2019
NFP,2019-04-05,Fri,BLS,https://www.bls.gov/schedule/2019/home.htm,Employment Situation for March 2019
NFP,2019-05-03,Fri,BLS,https://www.bls.gov/schedule/2019/home.htm,Employment Situation for April 2019
NFP,2019-06-07,Fri,BLS,https://www.bls.gov/schedule/2019/home.htm,Employment Situation for May 2019
NFP,2019-07-05,Fri,BLS,https://www.bls.gov/schedule/2019/home.htm,Employment Situation for June 2019
NFP,2019-08-02,Fri,BLS,https://www.bls.gov/schedule/2019/home.htm,Employment Situation for July 2019
NFP,2019-09-06,Fri,BLS,https://www.bls.gov/schedule/2019/home.htm,Employment Situation for August 2019
NFP,2019-10-04,Fri,BLS,https://www.bls.gov/schedule/2019/home.htm,Employment Situation for September 2019
NFP,2019-11-01,Fri,BLS,https://www.bls.gov/schedule/2019/home.htm,Employment Situation for October 2019
NFP,2019-12-06,Fri,BLS,https://www.bls.gov/schedule/2019/home.htm,Employment Situation for November 2019
NFP,2020-01-10,Fri,BLS,https://www.bls.gov/schedule/2020/home.htm,Employment Situation for December 2019
NFP,2020-02-07,Fri,BLS,https://www.bls.gov/schedule/2020/home.htm,Employment Situation for January 2020
NFP,2020-03-06,Fri,BLS,https://www.bls.gov/schedule/2020/home.htm,Employment Situation for February 2020
NFP,2020-04-03,Fri,BLS,https://www.bls.gov/schedule/2020/home.htm,Employment Situation for March 2020
NFP,2020-05-08,Fri,BLS,https://www.bls.gov/schedule/2020/home.htm,Employment Situation for April 2020
NFP,2020-06-05,Fri,BLS,https://www.bls.gov/schedule/2020/home.htm,Employment Situation for May 2020
NFP,2020-07-02,Thu,BLS,https://www.bls.gov/schedule/2020/home.htm,Employment Situation for June 2020
NFP,2020-08-07,Fri,BLS,https://www.bls.gov/schedule/2020/home.htm,Employment Situation for July 2020
NFP,2020-09-04,Fri,BLS,https://www.bls.gov/schedule/2020/home.htm,Employment Situation for August 2020
NFP,2020-10-02,Fri,BLS,https://www.bls.gov/schedule/2020/home.htm,Employment Situation for September 2020
NFP,2020-11-06,Fri,BLS,https://www.bls.gov/schedule/2020/home.htm,Employment Situation for October 2020
NFP,2020-12-04,Fri,BLS,https://www.bls.gov/schedule/2020/home.htm,Employment Situation for November 2020
NFP,2021-01-08,Fri,BLS,https://www.bls.gov/schedule/2021/home.htm,Employment Situation for December 2020
NFP,2021-02-05,Fri,BLS,https://www.bls.gov/schedule/2021/home.htm,Employment Situation for January 2021
NFP,2021-03-05,Fri,BLS,https://www.bls.gov/schedule/2021/home.htm,Employment Situation for February 2021
NFP,2021-04-02,Fri,BLS,https://www.bls.gov/schedule/2021/home.htm,Employment Situation for March 2021
NFP,2021-05-07,Fri,BLS,https://www.bls.gov/schedule/2021/home.htm,Employment Situation for April 2021
NFP,2021-06-04,Fri,BLS,https://www.bls.gov/schedule/2021/home.htm,Employment Situation for May 2021
NFP,2021-07-02,Fri,BLS,https://www.bls.gov/schedule/2021/home.htm,Employment Situation for June 2021
NFP,2021-08-06,Fri,BLS,https://www.bls.gov/schedule/2021/home.htm,Employment Situation for July 2021
NFP,2021-09-03,Fri,BLS,https://www.bls.gov/schedule/2021/home.htm,Employment Situation for August 2021
NFP,2021-10-08,Fri,BLS,https://www.bls.gov/schedule/2021/home.htm,Employment Situation for September 2021
NFP,2021-11-05,Fri,BLS,https://www.bls.gov/schedule/2021/home.htm,Employment Situation for October 2021
NFP,2021-12-03,Fri,BLS,https://www.bls.gov/schedule/2021/home.htm,Employment Situation for November 2021
NFP,2022-01-07,Fri,BLS,https://www.bls.gov/schedule/2022/home.htm,Employment Situation for December 2021
NFP,2022-02-04,Fri,BLS,https://www.bls.gov/schedule/2022/home.htm,Employment Situation for January 2022
NFP,2022-03-04,Fri,BLS,https://www.bls.gov/schedule/2022/home.htm,Employment Situation for February 2022
NFP,2022-04-01,Fri,BLS,https://www.bls.gov/schedule/2022/home.htm,Employment Situation for March 2022
NFP,2022-05-06,Fri,BLS,https://www.bls.gov/schedule/2022/home.htm,Employment Situation for April 2022
NFP,2022-06-03,Fri,BLS,https://www.bls.gov/schedule/2022/home.htm,Employment Situation for May 2022
NFP,2022-07-08,Fri,BLS,https://www.bls.gov/schedule/2022/home.htm,Employment Situation for June 2022
NFP,2022-08-05,Fri,BLS,https://www.bls.gov/schedule/2022/home.htm,Employment Situation for July 2022
NFP,2022-09-02,Fri,BLS,https://www.bls.gov/schedule/2022/home.htm,Employment Situation for August 2022
NFP,2022-10-07,Fri,BLS,https://www.bls.gov/schedule/2022/home.htm,Employment Situation for September 2022
NFP,2022-11-04,Fri,BLS,https://www.bls.gov/schedule/2022/home.htm,Employment Situation for October 2022
NFP,2022-12-02,Fri,BLS,https://www.bls.gov/schedule/2022/home.htm,Employment Situation for November 2022
NFP,2023-01-06,Fri,BLS,https://www.bls.gov/schedule/2023/home.htm,Employment Situation for December 2022
NFP,2023-02-03,Fri,BLS,https://www.bls.gov/schedule/2023/home.htm,Employment Situation for January 2023
NFP,2023-03-10,Fri,BLS,https://www.bls.gov/schedule/2023/home.htm,Employment Situation for February 2023
NFP,2023-04-07,Fri,BLS,https://www.bls.gov/schedule/2023/home.htm,Employment Situation for March 2023
NFP,2023-05-05,Fri,BLS,https://www.bls.gov/schedule/2023/home.htm,Employment Situation for April 2023
NFP,2023-06-02,Fri,BLS,https://www.bls.gov/schedule/2023/home.htm,Employment Situation for May 2023
NFP,2023-07-07,Fri,BLS,https://www.bls.gov/schedule/2023/home.htm,Employment Situation for June 2023
NFP,2023-08-04,Fri,BLS,https://www.bls.gov/schedule/2023/home.htm,Employment Situation for July 2023
NFP,2023-09-01,Fri,BLS,https://www.bls.gov/schedule/2023/home.htm,Employment Situation for August 2023
NFP,2023-10-06,Fri,BLS,https://www.bls.gov/schedule/2023/home.htm,Employment Situation for September 2023
NFP,2023-11-03,Fri,BLS,https://www.bls.gov/schedule/2023/home.htm,Employment Situation for October 2023
NFP,2023-12-08,Fri,BLS,https://www.bls.gov/schedule/2023/home.htm,Employment Situation for November 2023
NFP,2024-01-05,Fri,BLS,https://www.bls.gov/schedule/2024/home.htm,Employment Situation for December 2023
NFP,2024-02-02,Fri,BLS,https://www.bls.gov/schedule/2024/home.htm,Employment Situation for January 2024
NFP,2024-03-08,Fri,BLS,https://www.bls.gov/schedule/2024/home.htm,Employment Situation for February 2024
NFP,2024-04-05,Fri,BLS,https://www.bls.gov/schedule/2024/home.htm,Employment Situation for March 2024
NFP,2024-05-03,Fri,BLS,https://www.bls.gov/schedule/2024/home.htm,Employment Situation for April 2024
NFP,2024-06-07,Fri,BLS,https://www.bls.gov/schedule/2024/home.htm,Employment Situation for May 2024
NFP,2024-07-05,Fri,BLS,https://www.bls.gov/schedule/2024/home.htm,Employment Situation for June 2024
NFP,2024-08-02,Fri,BLS,https://www.bls.gov/schedule/2024/home.htm,Employment Situation for July 2024
NFP,2024-09-06,Fri,BLS,https://www.bls.gov/schedule/2024/home.htm,Employment Situation for August 2024
NFP,2024-10-04,Fri,BLS,https://www.bls.gov/schedule/2024/home.htm,Employment Situation for September 2024
NFP,2024-11-01,Fri,BLS,https://www.bls.gov/schedule/2024/home.htm,Employment Situation for October 2024
NFP,2024-12-06,Fri,BLS,https://www.bls.gov/schedule/2024/home.htm,Employment Situation for November 2024
NFP,2025-01-10,Fri,BLS,https://www.bls.gov/schedule/2025/home.htm,Employment Situation for December 2024
NFP,2025-02-07,Fri,BLS,https://www.bls.gov/schedule/2025/home.htm,Employment Situation for January 2025
NFP,2025-03-07,Fri,BLS,https://www.bls.gov/schedule/2025/home.htm,Employment Situation for February 2025
NFP,2025-04-04,Fri,BLS,https://www.bls.gov/schedule/2025/home.htm,Employment Situation for March 2025
NFP,2025-05-02,Fri,BLS,https://www.bls.gov/schedule/2025/home.htm,Employment Situation for April 2025
NFP,2025-06-06,Fri,BLS,https://www.bls.gov/schedule/2025/home.htm,Employment Situation for May 2025
NFP,2025-07-03,Thu,BLS,https://www.bls.gov/schedule/2025/home.htm,Employment Situation for June 2025
NFP,2025-08-01,Fri,BLS,https://www.bls.gov/schedule/2025/home.htm,Employment Situation for July 2025
NFP,2025-09-05,Fri,BLS,https://www.bls.gov/schedule/2025/home.htm,Employment Situation for August 2025
NFP,2025-11-20,Thu,BLS,https://www.bls.gov/schedule/2025/home.htm,Employment Situation for September 2025
NFP,2025-12-16,Tue,BLS,https://www.bls.gov/schedule/2025/home.htm,Employment Situation for November 2025
NFP,2026-01-09,Fri,BLS,https://www.bls.gov/schedule/2026/home.htm,Employment Situation for December 2025
NFP,2026-02-11,Wed,BLS,https://www.bls.gov/schedule/2026/home.htm,Employment Situation for January 2026
NFP,2026-03-06,Fri,BLS,https://www.bls.gov/schedule/2026/home.htm,Employment Situation for February 2026
NFP,2026-04-03,Fri,BLS,https://www.bls.gov/schedule/2026/home.htm,Employment Situation for March 2026
NFP,2026-05-08,Fri,BLS,https://www.bls.gov/schedule/2026/home.htm,Employment Situation for April 2026
NFP,2026-06-05,Fri,BLS,https://www.bls.gov/schedule/2026/home.htm,Employment Situation for May 2026
NFP,2026-07-02,Thu,BLS,https://www.bls.gov/schedule/2026/home.htm,Employment Situation for June 2026
NFP,2026-08-07,Fri,BLS,https://www.bls.gov/schedule/2026/home.htm,Employment Situation for July 2026
NFP,2026-09-04,Fri,BLS,https://www.bls.gov/schedule/2026/home.htm,Employment Situation for August 2026
NFP,2026-10-02,Fri,BLS,https://www.bls.gov/schedule/2026/home.htm,Employment Situation for September 2026
NFP,2026-11-06,Fri,BLS,https://www.bls.gov/schedule/2026/home.htm,Employment Situation for October 2026
NFP,2026-12-04,Fri,BLS,https://www.bls.gov/schedule/2026/home.htm,Employment Situation for November 2026
QRA,2006-02-01,Wed,TREASURY_AUCTION_RECORD,https://api.fiscaldata.treasury.gov/services/api/fiscal_service/v1/accounting/od/auctions_query,Quarterly Refunding Announcement (derived from the pinned Treasury auction record)
QRA,2006-05-03,Wed,TREASURY_AUCTION_RECORD,https://api.fiscaldata.treasury.gov/services/api/fiscal_service/v1/accounting/od/auctions_query,Quarterly Refunding Announcement (derived from the pinned Treasury auction record)
QRA,2006-08-02,Wed,TREASURY_AUCTION_RECORD,https://api.fiscaldata.treasury.gov/services/api/fiscal_service/v1/accounting/od/auctions_query,Quarterly Refunding Announcement (derived from the pinned Treasury auction record)
QRA,2006-11-01,Wed,TREASURY_AUCTION_RECORD,https://api.fiscaldata.treasury.gov/services/api/fiscal_service/v1/accounting/od/auctions_query,Quarterly Refunding Announcement (derived from the pinned Treasury auction record)
QRA,2007-01-31,Wed,TREASURY_AUCTION_RECORD,https://api.fiscaldata.treasury.gov/services/api/fiscal_service/v1/accounting/od/auctions_query,Quarterly Refunding Announcement (derived from the pinned Treasury auction record)
QRA,2007-05-02,Wed,TREASURY_AUCTION_RECORD,https://api.fiscaldata.treasury.gov/services/api/fiscal_service/v1/accounting/od/auctions_query,Quarterly Refunding Announcement (derived from the pinned Treasury auction record)
QRA,2007-08-01,Wed,TREASURY_AUCTION_RECORD,https://api.fiscaldata.treasury.gov/services/api/fiscal_service/v1/accounting/od/auctions_query,Quarterly Refunding Announcement (derived from the pinned Treasury auction record)
QRA,2007-10-31,Wed,TREASURY_AUCTION_RECORD,https://api.fiscaldata.treasury.gov/services/api/fiscal_service/v1/accounting/od/auctions_query,Quarterly Refunding Announcement (derived from the pinned Treasury auction record)
QRA,2008-01-30,Wed,TREASURY_AUCTION_RECORD,https://api.fiscaldata.treasury.gov/services/api/fiscal_service/v1/accounting/od/auctions_query,Quarterly Refunding Announcement (derived from the pinned Treasury auction record)
QRA,2008-04-30,Wed,TREASURY_AUCTION_RECORD,https://api.fiscaldata.treasury.gov/services/api/fiscal_service/v1/accounting/od/auctions_query,Quarterly Refunding Announcement (derived from the pinned Treasury auction record)
QRA,2008-07-30,Wed,TREASURY_AUCTION_RECORD,https://api.fiscaldata.treasury.gov/services/api/fiscal_service/v1/accounting/od/auctions_query,Quarterly Refunding Announcement (derived from the pinned Treasury auction record)
QRA,2008-11-05,Wed,TREASURY_AUCTION_RECORD,https://api.fiscaldata.treasury.gov/services/api/fiscal_service/v1/accounting/od/auctions_query,Quarterly Refunding Announcement (derived from the pinned Treasury auction record)
QRA,2009-02-04,Wed,TREASURY_AUCTION_RECORD,https://api.fiscaldata.treasury.gov/services/api/fiscal_service/v1/accounting/od/auctions_query,Quarterly Refunding Announcement (derived from the pinned Treasury auction record)
QRA,2009-04-29,Wed,TREASURY_AUCTION_RECORD,https://api.fiscaldata.treasury.gov/services/api/fiscal_service/v1/accounting/od/auctions_query,Quarterly Refunding Announcement (derived from the pinned Treasury auction record)
QRA,2009-08-05,Wed,TREASURY_AUCTION_RECORD,https://api.fiscaldata.treasury.gov/services/api/fiscal_service/v1/accounting/od/auctions_query,Quarterly Refunding Announcement (derived from the pinned Treasury auction record)
QRA,2009-11-04,Wed,TREASURY_AUCTION_RECORD,https://api.fiscaldata.treasury.gov/services/api/fiscal_service/v1/accounting/od/auctions_query,Quarterly Refunding Announcement (derived from the pinned Treasury auction record)
QRA,2010-02-03,Wed,TREASURY_AUCTION_RECORD,https://api.fiscaldata.treasury.gov/services/api/fiscal_service/v1/accounting/od/auctions_query,Quarterly Refunding Announcement (derived from the pinned Treasury auction record)
QRA,2010-05-05,Wed,TREASURY_AUCTION_RECORD,https://api.fiscaldata.treasury.gov/services/api/fiscal_service/v1/accounting/od/auctions_query,Quarterly Refunding Announcement (derived from the pinned Treasury auction record)
QRA,2010-08-04,Wed,TREASURY_AUCTION_RECORD,https://api.fiscaldata.treasury.gov/services/api/fiscal_service/v1/accounting/od/auctions_query,Quarterly Refunding Announcement (derived from the pinned Treasury auction record)
QRA,2010-11-03,Wed,TREASURY_AUCTION_RECORD,https://api.fiscaldata.treasury.gov/services/api/fiscal_service/v1/accounting/od/auctions_query,Quarterly Refunding Announcement (derived from the pinned Treasury auction record)
QRA,2011-02-02,Wed,TREASURY_AUCTION_RECORD,https://api.fiscaldata.treasury.gov/services/api/fiscal_service/v1/accounting/od/auctions_query,Quarterly Refunding Announcement (derived from the pinned Treasury auction record)
QRA,2011-05-04,Wed,TREASURY_AUCTION_RECORD,https://api.fiscaldata.treasury.gov/services/api/fiscal_service/v1/accounting/od/auctions_query,Quarterly Refunding Announcement (derived from the pinned Treasury auction record)
QRA,2011-08-03,Wed,TREASURY_AUCTION_RECORD,https://api.fiscaldata.treasury.gov/services/api/fiscal_service/v1/accounting/od/auctions_query,Quarterly Refunding Announcement (derived from the pinned Treasury auction record)
QRA,2011-11-02,Wed,TREASURY_AUCTION_RECORD,https://api.fiscaldata.treasury.gov/services/api/fiscal_service/v1/accounting/od/auctions_query,Quarterly Refunding Announcement (derived from the pinned Treasury auction record)
QRA,2012-02-01,Wed,TREASURY_AUCTION_RECORD,https://api.fiscaldata.treasury.gov/services/api/fiscal_service/v1/accounting/od/auctions_query,Quarterly Refunding Announcement (derived from the pinned Treasury auction record)
QRA,2012-05-02,Wed,TREASURY_AUCTION_RECORD,https://api.fiscaldata.treasury.gov/services/api/fiscal_service/v1/accounting/od/auctions_query,Quarterly Refunding Announcement (derived from the pinned Treasury auction record)
QRA,2012-08-01,Wed,TREASURY_AUCTION_RECORD,https://api.fiscaldata.treasury.gov/services/api/fiscal_service/v1/accounting/od/auctions_query,Quarterly Refunding Announcement (derived from the pinned Treasury auction record)
QRA,2012-10-31,Wed,TREASURY_AUCTION_RECORD,https://api.fiscaldata.treasury.gov/services/api/fiscal_service/v1/accounting/od/auctions_query,Quarterly Refunding Announcement (derived from the pinned Treasury auction record)
QRA,2013-02-06,Wed,TREASURY_AUCTION_RECORD,https://api.fiscaldata.treasury.gov/services/api/fiscal_service/v1/accounting/od/auctions_query,Quarterly Refunding Announcement (derived from the pinned Treasury auction record)
QRA,2013-05-01,Wed,TREASURY_AUCTION_RECORD,https://api.fiscaldata.treasury.gov/services/api/fiscal_service/v1/accounting/od/auctions_query,Quarterly Refunding Announcement (derived from the pinned Treasury auction record)
QRA,2013-07-31,Wed,TREASURY_AUCTION_RECORD,https://api.fiscaldata.treasury.gov/services/api/fiscal_service/v1/accounting/od/auctions_query,Quarterly Refunding Announcement (derived from the pinned Treasury auction record)
QRA,2013-11-06,Wed,TREASURY_AUCTION_RECORD,https://api.fiscaldata.treasury.gov/services/api/fiscal_service/v1/accounting/od/auctions_query,Quarterly Refunding Announcement (derived from the pinned Treasury auction record)
QRA,2014-02-05,Wed,TREASURY_AUCTION_RECORD,https://api.fiscaldata.treasury.gov/services/api/fiscal_service/v1/accounting/od/auctions_query,Quarterly Refunding Announcement (derived from the pinned Treasury auction record)
QRA,2014-04-30,Wed,TREASURY_AUCTION_RECORD,https://api.fiscaldata.treasury.gov/services/api/fiscal_service/v1/accounting/od/auctions_query,Quarterly Refunding Announcement (derived from the pinned Treasury auction record)
QRA,2014-08-06,Wed,TREASURY_AUCTION_RECORD,https://api.fiscaldata.treasury.gov/services/api/fiscal_service/v1/accounting/od/auctions_query,Quarterly Refunding Announcement (derived from the pinned Treasury auction record)
QRA,2014-11-05,Wed,TREASURY_AUCTION_RECORD,https://api.fiscaldata.treasury.gov/services/api/fiscal_service/v1/accounting/od/auctions_query,Quarterly Refunding Announcement (derived from the pinned Treasury auction record)
QRA,2015-02-04,Wed,TREASURY_AUCTION_RECORD,https://api.fiscaldata.treasury.gov/services/api/fiscal_service/v1/accounting/od/auctions_query,Quarterly Refunding Announcement (derived from the pinned Treasury auction record)
QRA,2015-05-06,Wed,TREASURY_AUCTION_RECORD,https://api.fiscaldata.treasury.gov/services/api/fiscal_service/v1/accounting/od/auctions_query,Quarterly Refunding Announcement (derived from the pinned Treasury auction record)
QRA,2015-08-05,Wed,TREASURY_AUCTION_RECORD,https://api.fiscaldata.treasury.gov/services/api/fiscal_service/v1/accounting/od/auctions_query,Quarterly Refunding Announcement (derived from the pinned Treasury auction record)
QRA,2015-11-04,Wed,TREASURY_AUCTION_RECORD,https://api.fiscaldata.treasury.gov/services/api/fiscal_service/v1/accounting/od/auctions_query,Quarterly Refunding Announcement (derived from the pinned Treasury auction record)
QRA,2016-02-03,Wed,TREASURY_AUCTION_RECORD,https://api.fiscaldata.treasury.gov/services/api/fiscal_service/v1/accounting/od/auctions_query,Quarterly Refunding Announcement (derived from the pinned Treasury auction record)
QRA,2016-05-04,Wed,TREASURY_AUCTION_RECORD,https://api.fiscaldata.treasury.gov/services/api/fiscal_service/v1/accounting/od/auctions_query,Quarterly Refunding Announcement (derived from the pinned Treasury auction record)
QRA,2016-08-03,Wed,TREASURY_AUCTION_RECORD,https://api.fiscaldata.treasury.gov/services/api/fiscal_service/v1/accounting/od/auctions_query,Quarterly Refunding Announcement (derived from the pinned Treasury auction record)
QRA,2016-11-02,Wed,TREASURY_AUCTION_RECORD,https://api.fiscaldata.treasury.gov/services/api/fiscal_service/v1/accounting/od/auctions_query,Quarterly Refunding Announcement (derived from the pinned Treasury auction record)
QRA,2017-02-01,Wed,TREASURY_AUCTION_RECORD,https://api.fiscaldata.treasury.gov/services/api/fiscal_service/v1/accounting/od/auctions_query,Quarterly Refunding Announcement (derived from the pinned Treasury auction record)
QRA,2017-05-03,Wed,TREASURY_AUCTION_RECORD,https://api.fiscaldata.treasury.gov/services/api/fiscal_service/v1/accounting/od/auctions_query,Quarterly Refunding Announcement (derived from the pinned Treasury auction record)
QRA,2017-08-02,Wed,TREASURY_AUCTION_RECORD,https://api.fiscaldata.treasury.gov/services/api/fiscal_service/v1/accounting/od/auctions_query,Quarterly Refunding Announcement (derived from the pinned Treasury auction record)
QRA,2017-11-01,Wed,TREASURY_AUCTION_RECORD,https://api.fiscaldata.treasury.gov/services/api/fiscal_service/v1/accounting/od/auctions_query,Quarterly Refunding Announcement (derived from the pinned Treasury auction record)
QRA,2018-01-31,Wed,TREASURY_AUCTION_RECORD,https://api.fiscaldata.treasury.gov/services/api/fiscal_service/v1/accounting/od/auctions_query,Quarterly Refunding Announcement (derived from the pinned Treasury auction record)
QRA,2018-05-02,Wed,TREASURY_AUCTION_RECORD,https://api.fiscaldata.treasury.gov/services/api/fiscal_service/v1/accounting/od/auctions_query,Quarterly Refunding Announcement (derived from the pinned Treasury auction record)
QRA,2018-08-01,Wed,TREASURY_AUCTION_RECORD,https://api.fiscaldata.treasury.gov/services/api/fiscal_service/v1/accounting/od/auctions_query,Quarterly Refunding Announcement (derived from the pinned Treasury auction record)
QRA,2018-10-31,Wed,TREASURY_AUCTION_RECORD,https://api.fiscaldata.treasury.gov/services/api/fiscal_service/v1/accounting/od/auctions_query,Quarterly Refunding Announcement (derived from the pinned Treasury auction record)
QRA,2019-01-30,Wed,TREASURY_AUCTION_RECORD,https://api.fiscaldata.treasury.gov/services/api/fiscal_service/v1/accounting/od/auctions_query,Quarterly Refunding Announcement (derived from the pinned Treasury auction record)
QRA,2019-05-01,Wed,TREASURY_AUCTION_RECORD,https://api.fiscaldata.treasury.gov/services/api/fiscal_service/v1/accounting/od/auctions_query,Quarterly Refunding Announcement (derived from the pinned Treasury auction record)
QRA,2019-07-31,Wed,TREASURY_AUCTION_RECORD,https://api.fiscaldata.treasury.gov/services/api/fiscal_service/v1/accounting/od/auctions_query,Quarterly Refunding Announcement (derived from the pinned Treasury auction record)
QRA,2019-10-30,Wed,TREASURY_AUCTION_RECORD,https://api.fiscaldata.treasury.gov/services/api/fiscal_service/v1/accounting/od/auctions_query,Quarterly Refunding Announcement (derived from the pinned Treasury auction record)
QRA,2020-02-05,Wed,TREASURY_AUCTION_RECORD,https://api.fiscaldata.treasury.gov/services/api/fiscal_service/v1/accounting/od/auctions_query,Quarterly Refunding Announcement (derived from the pinned Treasury auction record)
QRA,2020-05-06,Wed,TREASURY_AUCTION_RECORD,https://api.fiscaldata.treasury.gov/services/api/fiscal_service/v1/accounting/od/auctions_query,Quarterly Refunding Announcement (derived from the pinned Treasury auction record)
QRA,2020-08-05,Wed,TREASURY_AUCTION_RECORD,https://api.fiscaldata.treasury.gov/services/api/fiscal_service/v1/accounting/od/auctions_query,Quarterly Refunding Announcement (derived from the pinned Treasury auction record)
QRA,2020-11-04,Wed,TREASURY_AUCTION_RECORD,https://api.fiscaldata.treasury.gov/services/api/fiscal_service/v1/accounting/od/auctions_query,Quarterly Refunding Announcement (derived from the pinned Treasury auction record)
QRA,2021-02-03,Wed,TREASURY_AUCTION_RECORD,https://api.fiscaldata.treasury.gov/services/api/fiscal_service/v1/accounting/od/auctions_query,Quarterly Refunding Announcement (derived from the pinned Treasury auction record)
QRA,2021-05-05,Wed,TREASURY_AUCTION_RECORD,https://api.fiscaldata.treasury.gov/services/api/fiscal_service/v1/accounting/od/auctions_query,Quarterly Refunding Announcement (derived from the pinned Treasury auction record)
QRA,2021-08-04,Wed,TREASURY_AUCTION_RECORD,https://api.fiscaldata.treasury.gov/services/api/fiscal_service/v1/accounting/od/auctions_query,Quarterly Refunding Announcement (derived from the pinned Treasury auction record)
QRA,2021-11-03,Wed,TREASURY_AUCTION_RECORD,https://api.fiscaldata.treasury.gov/services/api/fiscal_service/v1/accounting/od/auctions_query,Quarterly Refunding Announcement (derived from the pinned Treasury auction record)
QRA,2022-02-02,Wed,TREASURY_AUCTION_RECORD,https://api.fiscaldata.treasury.gov/services/api/fiscal_service/v1/accounting/od/auctions_query,Quarterly Refunding Announcement (derived from the pinned Treasury auction record)
QRA,2022-05-04,Wed,TREASURY_AUCTION_RECORD,https://api.fiscaldata.treasury.gov/services/api/fiscal_service/v1/accounting/od/auctions_query,Quarterly Refunding Announcement (derived from the pinned Treasury auction record)
QRA,2022-08-03,Wed,TREASURY_AUCTION_RECORD,https://api.fiscaldata.treasury.gov/services/api/fiscal_service/v1/accounting/od/auctions_query,Quarterly Refunding Announcement (derived from the pinned Treasury auction record)
QRA,2022-11-02,Wed,TREASURY_AUCTION_RECORD,https://api.fiscaldata.treasury.gov/services/api/fiscal_service/v1/accounting/od/auctions_query,Quarterly Refunding Announcement (derived from the pinned Treasury auction record)
QRA,2023-02-01,Wed,TREASURY_AUCTION_RECORD,https://api.fiscaldata.treasury.gov/services/api/fiscal_service/v1/accounting/od/auctions_query,Quarterly Refunding Announcement (derived from the pinned Treasury auction record)
QRA,2023-05-03,Wed,TREASURY_AUCTION_RECORD,https://api.fiscaldata.treasury.gov/services/api/fiscal_service/v1/accounting/od/auctions_query,Quarterly Refunding Announcement (derived from the pinned Treasury auction record)
QRA,2023-08-02,Wed,TREASURY_AUCTION_RECORD,https://api.fiscaldata.treasury.gov/services/api/fiscal_service/v1/accounting/od/auctions_query,Quarterly Refunding Announcement (derived from the pinned Treasury auction record)
QRA,2023-11-01,Wed,TREASURY_AUCTION_RECORD,https://api.fiscaldata.treasury.gov/services/api/fiscal_service/v1/accounting/od/auctions_query,Quarterly Refunding Announcement (derived from the pinned Treasury auction record)
QRA,2024-01-31,Wed,TREASURY_AUCTION_RECORD,https://api.fiscaldata.treasury.gov/services/api/fiscal_service/v1/accounting/od/auctions_query,Quarterly Refunding Announcement (derived from the pinned Treasury auction record)
QRA,2024-05-01,Wed,TREASURY_AUCTION_RECORD,https://api.fiscaldata.treasury.gov/services/api/fiscal_service/v1/accounting/od/auctions_query,Quarterly Refunding Announcement (derived from the pinned Treasury auction record)
QRA,2024-07-31,Wed,TREASURY_AUCTION_RECORD,https://api.fiscaldata.treasury.gov/services/api/fiscal_service/v1/accounting/od/auctions_query,Quarterly Refunding Announcement (derived from the pinned Treasury auction record)
QRA,2024-10-30,Wed,TREASURY_AUCTION_RECORD,https://api.fiscaldata.treasury.gov/services/api/fiscal_service/v1/accounting/od/auctions_query,Quarterly Refunding Announcement (derived from the pinned Treasury auction record)
QRA,2025-02-05,Wed,TREASURY_AUCTION_RECORD,https://api.fiscaldata.treasury.gov/services/api/fiscal_service/v1/accounting/od/auctions_query,Quarterly Refunding Announcement (derived from the pinned Treasury auction record)
QRA,2025-04-30,Wed,TREASURY_AUCTION_RECORD,https://api.fiscaldata.treasury.gov/services/api/fiscal_service/v1/accounting/od/auctions_query,Quarterly Refunding Announcement (derived from the pinned Treasury auction record)
QRA,2025-07-30,Wed,TREASURY_AUCTION_RECORD,https://api.fiscaldata.treasury.gov/services/api/fiscal_service/v1/accounting/od/auctions_query,Quarterly Refunding Announcement (derived from the pinned Treasury auction record)
QRA,2025-11-05,Wed,TREASURY_AUCTION_RECORD,https://api.fiscaldata.treasury.gov/services/api/fiscal_service/v1/accounting/od/auctions_query,Quarterly Refunding Announcement (derived from the pinned Treasury auction record)
QRA,2026-02-04,Wed,TREASURY_AUCTION_RECORD,https://api.fiscaldata.treasury.gov/services/api/fiscal_service/v1/accounting/od/auctions_query,Quarterly Refunding Announcement (derived from the pinned Treasury auction record)
QRA,2026-05-06,Wed,TREASURY_AUCTION_RECORD,https://api.fiscaldata.treasury.gov/services/api/fiscal_service/v1/accounting/od/auctions_query,Quarterly Refunding Announcement (derived from the pinned Treasury auction record)
